Filename,RRT,Group,Class,MF,Treatment,ID,Year,Month,VOC,ER_final,log_10,Plot,sampling
18.2395_191101_57_5_h.CDF,1.034,MT,MT,C10H16,H,5_h,2019,October,mt,0,5.5,5,five
17.2394_191101_56_4_hxn.CDF,1.034,MT,MT,C10H16,HxN,4_hxn,2019,October,mt,0,5.82,4,five
47.2554_191108_60_8_h.CDF,0.352,OVOC,furan,C5H10O,H,8_h,2019,October,furan,0,6.09,8,five
20.2397_191101_59_7_hxn.CDF,1.835,ST,ST,C15H22,HxN,7_hxn,2019,October,st,0,6.48,7,five
25.2406_191101_64_19_c.CDF,1.034,MT,MT,C10H16,C,19_c,2019,October,mt,0,6.49,19,five
19.2396_191101_58_6_n.CDF,0.831,HC,alkane,C10H22,N,6_n,2019,October,"3,4,5-trimethyl-heptane",0,6.55,6,five
18.2395_191101_57_5_h.CDF,0.321,OVOC,ester,C4H8O2,H,5_h,2019,October,ethyl acetate,0,6.55,5,five
15.2392_191101_54_2_h.CDF,1.362,OVOC,oBz,C10H14O,H,2_h,2019,October,"a,a,4-trimethyl-benzenemethanol",0,6.58,2,five
47.2554_191108_60_8_h.CDF,1.034,MT,MT,C10H16,H,8_h,2019,October,mt,0,6.58,8,five
20.2397_191101_59_7_hxn.CDF,0.918,HC,alkane,C10H20,HxN,7_hxn,2019,October,alkane,0,6.59,7,five
24.2404_191101_62_11_n.CDF,0.708,HC,alkene,C9H18,N,11_n,2019,October,"1,2,4-trimethyl-cyclohexane",0,6.64,11,five
15.2392_191101_54_2_h.CDF,1.861,ST,ST,C15H24,H,2_h,2019,October,trans-a-bisabolene,0,6.66,2,five
47.2554_191108_60_8_h.CDF,1.818,ST,ST,C15H24,H,8_h,2019,October,st,0,6.7,8,five
24.2404_191101_62_11_n.CDF,1.362,OVOC,oBz,C10H14O,N,11_n,2019,October,"a,a,4-trimethyl-benzenemethanol",0,6.75,11,five
19.2396_191101_58_6_n.CDF,1.162,HC,Bz,C10H12,N,6_n,2019,October,bz,0,6.76,6,five
14.2391_191101_53_1_c.CDF,0.352,OVOC,furan,C5H10O,C,1_c,2019,October,furan,0,6.79,1,five
17.2394_191101_56_4_hxn.CDF,0.366,OVOC,ketone,C5H10O,HxN,4_hxn,2019,October,3-methyl-2-butanone,0,6.8,4,five
45.2502_191104_63_12_c.CDF,0.879,HC,alkane,C10H22,C,12_c,2019,October,3-ethyl-2-methyl-heptane,0,6.83,12,five
19.2396_191101_58_6_n.CDF,0.338,OVOC,ester,C4H8O2,N,6_n,2019,October,methyl propionate,0,6.9,6,five
14.2391_191101_53_1_c.CDF,1.034,MT,MT,C10H16,C,1_c,2019,October,mt,0,6.93,1,five
45.2502_191104_63_12_c.CDF,0.352,OVOC,furan,C5H10O,C,12_c,2019,October,furan,0,6.93,12,five
19.2396_191101_58_6_n.CDF,1.034,MT,MT,C10H16,N,6_n,2019,October,mt,0,6.94,6,five
20.2397_191101_59_7_hxn.CDF,0.402,OVOC,ester,C5H10O2,HxN,7_hxn,2019,October,methyl isobutyrate,0,6.94,7,five
47.2554_191108_60_8_h.CDF,0.708,HC,alkene,C9H18,H,8_h,2019,October,"1,2,4-trimethyl-cyclohexane",0,6.96,8,five
20.2397_191101_59_7_hxn.CDF,1.818,ST,ST,C15H24,HxN,7_hxn,2019,October,st,0,6.96,7,five
45.2502_191104_63_12_c.CDF,0.708,HC,alkene,C9H18,C,12_c,2019,October,"1,2,4-trimethyl-cyclohexane",0,6.96,12,five
24.2404_191101_62_11_n.CDF,1.022,MT,MT,C10H16,N,11_n,2019,October,3-carene,0,7.03,11,five
47.2554_191108_60_8_h.CDF,0.902,MT,MT,C10H16,H,8_h,2019,October,a-fenchene,0,7.04,8,five
17.2394_191101_56_4_hxn.CDF,1.835,ST,ST,C15H22,HxN,4_hxn,2019,October,st,0,7.04,4,five
25.2406_191101_64_19_c.CDF,0.338,OVOC,ester,C4H8O2,C,19_c,2019,October,methyl propionate,0,7.05,19,five
16.2393_191101_55_3_hxn.CDF,1.034,MT,MT,C10H16,HxN,3_hxn,2019,October,mt,0,7.1,3,five
47.2554_191108_60_8_h.CDF,1.7,ST,ST,C15H24,H,8_h,2019,October,st,0,7.11,8,five
16.2393_191101_55_3_hxn.CDF,1.648,HC,alkane,C14H30,HxN,3_hxn,2019,October,tetradecane,0,7.13,3,five
23.2403_191101_61_9_n.CDF,0.352,OVOC,furan,C5H10O,N,9_n,2019,October,furan,0,7.13,9,five
45.2502_191104_63_12_c.CDF,0.902,MT,MT,C10H16,C,12_c,2019,October,a-fenchene,0,7.21,12,five
20.2397_191101_59_7_hxn.CDF,1.648,HC,alkane,C14H30,HxN,7_hxn,2019,October,tetradecane,0,7.22,7,five
24.2404_191101_62_11_n.CDF,0.68,HC,alkene,C9H18,N,11_n,2019,October,"1,1,3-trimethyl-cyclohexane",0,7.23,11,five
10.2386_191101_48_9_n.CDF,1.846,ST,ST,C15H24,N,9_n,2019,August,a-humulene,0,7.24,9,five
19.2396_191101_58_6_n.CDF,0.902,MT,MT,C10H16,N,6_n,2019,October,a-fenchene,0,7.28,6,five
47.2554_191108_60_8_h.CDF,0.775,HC,Bz,C8H8,H,8_h,2019,October,styrene,0,7.3,8,five
24.2404_191101_62_11_n.CDF,0.321,OVOC,ester,C4H8O2,N,11_n,2019,October,ethyl acetate,0,7.31,11,five
15.2392_191101_54_2_h.CDF,0.77,OVOC,acid,C6H8O2,H,2_h,2019,October,sorbic acid,0,7.31,2,five
16.2393_191101_55_3_hxn.CDF,1.861,ST,ST,C15H24,HxN,3_hxn,2019,October,trans-a-bisabolene,0,7.31,3,five
20.2397_191101_59_7_hxn.CDF,1.034,MT,MT,C10H16,HxN,7_hxn,2019,October,mt,0,7.34,7,five
23.2403_191101_61_9_n.CDF,0.708,HC,alkene,C9H18,N,9_n,2019,October,"1,2,4-trimethyl-cyclohexane",0,7.35,9,five
15.2392_191101_54_2_h.CDF,0.352,OVOC,furan,C5H10O,H,2_h,2019,October,furan,0,7.35,2,five
23.2403_191101_61_9_n.CDF,0.309,OVOC,furan,C5H6O,N,9_n,2019,October,furan,0,7.37,9,five
25.2406_191101_64_19_c.CDF,1.846,ST,ST,C15H24,C,19_c,2019,October,a-humulene,0,7.38,19,five
23.2403_191101_61_9_n.CDF,0.536,HC,alkane,C8H18,N,9_n,2019,October,2-methyl-heptane,0,7.38,9,five
20.2397_191101_59_7_hxn.CDF,0.902,MT,MT,C10H16,HxN,7_hxn,2019,October,a-fenchene,0,7.38,7,five
23.2403_191101_61_9_n.CDF,1.062,OVOC,oBz,C7H8O,N,9_n,2019,October,benzyl alcohol,0,7.4,9,five
18.2395_191101_57_5_h.CDF,0.902,MT,MT,C10H16,H,5_h,2019,October,a-fenchene,0,7.42,5,five
10.2386_191101_48_9_n.CDF,1.7,ST,ST,C15H24,N,9_n,2019,August,st,0,7.42,9,five
18.2395_191101_57_5_h.CDF,1.792,ST,ST,C15H24,H,5_h,2019,October,b-caryophyllene,0,7.43,5,five
23.2403_191101_61_9_n.CDF,1.835,ST,ST,C15H22,N,9_n,2019,October,st,0,7.43,9,five
24.2404_191101_62_11_n.CDF,0.402,OVOC,ester,C5H10O2,N,11_n,2019,October,methyl isobutyrate,0,7.44,11,five
18.2395_191101_57_5_h.CDF,1.835,ST,ST,C15H22,H,5_h,2019,October,st,0,7.45,5,five
10.2386_191101_48_9_n.CDF,0.547,OVOC,ester,C6H12O2,N,9_n,2019,August,"butanoic acid, 2-methyl-, methyl ester",0,7.46,9,five
15.2392_191101_54_2_h.CDF,1.034,MT,MT,C10H16,H,2_h,2019,October,mt,0,7.48,2,five
24.2404_191101_62_11_n.CDF,1.7,ST,ST,C15H24,N,11_n,2019,October,st,0,7.49,11,five
25.2406_191101_64_19_c.CDF,1.022,MT,MT,C10H16,C,19_c,2019,October,3-carene,0,7.5,19,five
45.2502_191104_63_12_c.CDF,0.779,HC,alkene,C9H18,C,12_c,2019,October,1-ethyl-4-methylcyclohexane,0,7.5,12,five
17.2394_191101_56_4_hxn.CDF,1.177,MT,MT,C10H16,HxN,4_hxn,2019,October,terpinolene,0,7.53,4,five
16.2393_191101_55_3_hxn.CDF,1.818,ST,ST,C15H24,HxN,3_hxn,2019,October,st,0,7.54,3,five
14.2391_191101_53_1_c.CDF,1.779,ST,ST,C15H24,C,1_c,2019,October,st,0,7.55,1,five
18.2395_191101_57_5_h.CDF,1.7,ST,ST,C15H24,H,5_h,2019,October,st,0,7.55,5,five
20.2397_191101_59_7_hxn.CDF,0.309,OVOC,furan,C5H6O,HxN,7_hxn,2019,October,furan,0,7.55,7,five
23.2403_191101_61_9_n.CDF,1.167,oMT,oMT,C10H16O,N,9_n,2019,October,fenchone,0,7.56,9,five
16.2393_191101_55_3_hxn.CDF,0.352,OVOC,furan,C5H10O,HxN,3_hxn,2019,October,furan,0,7.58,3,five
45.2502_191104_63_12_c.CDF,0.775,HC,Bz,C8H8,C,12_c,2019,October,styrene,0,7.58,12,five
20.2397_191101_59_7_hxn.CDF,1.7,ST,ST,C15H24,HxN,7_hxn,2019,October,st,0,7.6,7,five
24.2404_191101_62_11_n.CDF,0.352,OVOC,furan,C5H10O,N,11_n,2019,October,furan,0,7.61,11,five
20.2397_191101_59_7_hxn.CDF,0.818,HC,alkane,C9H18,HxN,7_hxn,2019,October,alkane,0,7.61,7,five
18.2395_191101_57_5_h.CDF,1.823,ST,ST,C15H24,H,5_h,2019,October,aromandendrene,0,7.63,5,five
20.2397_191101_59_7_hxn.CDF,1.792,ST,ST,C15H24,HxN,7_hxn,2019,October,b-caryophyllene,0,7.63,7,five
25.2406_191101_64_19_c.CDF,0.818,HC,alkane,C9H18,C,19_c,2019,October,alkane,0,7.64,19,five
15.2392_191101_54_2_h.CDF,0.902,MT,MT,C10H16,H,2_h,2019,October,a-fenchene,0,7.64,2,five
23.2403_191101_61_9_n.CDF,0.305,OVOC,ketone,C4H6O,N,9_n,2019,October,2-butanone,0,7.64,9,five
45.2502_191104_63_12_c.CDF,0.581,OTHER,other,,C,12_c,2019,October,other,0,7.65,12,five
18.2395_191101_57_5_h.CDF,1.084,HC,alkane,,H,5_h,2019,October,alkane,0,7.65,5,five
19.2396_191101_58_6_n.CDF,0.879,HC,alkane,C10H22,N,6_n,2019,October,3-ethyl-2-methyl-heptane,0,7.66,6,five
17.2394_191101_56_4_hxn.CDF,0.958,MT,MT,C10H16,HxN,4_hxn,2019,October,b-pinene,0,7.67,4,five
24.2404_191101_62_11_n.CDF,1.823,ST,ST,C15H24,N,11_n,2019,October,aromandendrene,0,7.68,11,five
23.2403_191101_61_9_n.CDF,0.366,OVOC,ketone,C5H10O,N,9_n,2019,October,3-methyl-2-butanone,0,7.68,9,five
19.2396_191101_58_6_n.CDF,0.352,OVOC,furan,C5H10O,N,6_n,2019,October,furan,0,7.69,6,five
10.2386_191101_48_9_n.CDF,1.898,ST,ST,C15H24,N,9_n,2019,August,a-farnesene,0,7.69,9,five
17.2394_191101_56_4_hxn.CDF,0.797,OVOC,ovoc,C7H12O,HxN,4_hxn,2019,October,ovoc,0.01,7.7,4,five
23.2403_191101_61_9_n.CDF,1.846,ST,ST,C15H24,N,9_n,2019,October,a-humulene,0.01,7.71,9,five
45.2502_191104_63_12_c.CDF,1.835,ST,ST,C15H22,C,12_c,2019,October,st,0.01,7.71,12,five
24.2404_191101_62_11_n.CDF,1.835,ST,ST,C15H22,N,11_n,2019,October,st,0.01,7.71,11,five
16.2393_191101_55_3_hxn.CDF,0.395,OTHER,other,,HxN,3_hxn,2019,October,other,0.01,7.71,3,five
24.2404_191101_62_11_n.CDF,1.818,ST,ST,C15H24,N,11_n,2019,October,st,0.01,7.72,11,five
18.2395_191101_57_5_h.CDF,0.305,OVOC,ketone,C4H6O,H,5_h,2019,October,2-butanone,0.01,7.72,5,five
45.2502_191104_63_12_c.CDF,0.366,OVOC,ketone,C5H10O,C,12_c,2019,October,3-methyl-2-butanone,0.01,7.73,12,five
23.2403_191101_61_9_n.CDF,0.818,HC,alkane,C9H18,N,9_n,2019,October,alkane,0.01,7.73,9,five
17.2394_191101_56_4_hxn.CDF,0.67,HC,alkane,C9H20,HxN,4_hxn,2019,October,"2,5-dimethyl-heptane",0.01,7.74,4,five
23.2403_191101_61_9_n.CDF,0.406,HC,alkane,C8H18,N,9_n,2019,October,"2,2,3,3-tetramethyl-butane",0.01,7.74,9,five
19.2396_191101_58_6_n.CDF,1.812,OVOC,oBz,C14H22O,N,6_n,2019,October,"2,4-di-tert-butylphenol",0.01,7.76,6,five
17.2394_191101_56_4_hxn.CDF,0.402,OVOC,ester,C5H10O2,HxN,4_hxn,2019,October,methyl isobutyrate,0.01,7.76,4,five
23.2403_191101_61_9_n.CDF,0.779,HC,alkene,C9H18,N,9_n,2019,October,1-ethyl-4-methylcyclohexane,0.01,7.76,9,five
17.2394_191101_56_4_hxn.CDF,1.779,ST,ST,C15H24,HxN,4_hxn,2019,October,st,0.01,7.76,4,five
20.2397_191101_59_7_hxn.CDF,1.898,ST,ST,C15H24,HxN,7_hxn,2019,October,a-farnesene,0.01,7.77,7,five
19.2396_191101_58_6_n.CDF,0.77,OVOC,acid,C6H8O2,N,6_n,2019,October,sorbic acid,0.01,7.78,6,five
19.2396_191101_58_6_n.CDF,0.708,HC,alkene,C9H18,N,6_n,2019,October,"1,2,4-trimethyl-cyclohexane",0.01,7.8,6,five
18.2395_191101_57_5_h.CDF,1.168,OVOC,oBz,C9H12O,H,5_h,2019,October,"a,a-dimethyl-benzenemethanol",0.01,7.8,5,five
45.2502_191104_63_12_c.CDF,0.402,OVOC,ester,C5H10O2,C,12_c,2019,October,methyl isobutyrate,0.01,7.8,12,five
20.2397_191101_59_7_hxn.CDF,1.084,HC,alkane,,HxN,7_hxn,2019,October,alkane,0.01,7.82,7,five
25.2406_191101_64_19_c.CDF,0.863,OTHER,other,,C,19_c,2019,October,other,0.01,7.84,19,five
25.2406_191101_64_19_c.CDF,1.779,ST,ST,C15H24,C,19_c,2019,October,st,0.01,7.84,19,five
10.2386_191101_48_9_n.CDF,1.062,OVOC,oBz,C7H8O,N,9_n,2019,August,benzyl alcohol,0.01,7.85,9,five
10.2386_191101_48_9_n.CDF,1.832,ST,ST,C15H24,N,9_n,2019,August,st,0.01,7.86,9,five
19.2396_191101_58_6_n.CDF,0.339,HC,alkane,C6H12,N,6_n,2019,October,methyl cyclopentane,0.01,7.87,6,five
24.2404_191101_62_11_n.CDF,1.19,oMT,oMT,C10H18O,N,11_n,2019,October,linalool,0.01,7.87,11,five
25.2406_191101_64_19_c.CDF,1.084,HC,alkane,,C,19_c,2019,October,alkane,0.01,7.88,19,five
23.2403_191101_61_9_n.CDF,1.215,oMT,oMT,C10H16O,N,9_n,2019,October,b-thujone,0.01,7.9,9,five
25.2406_191101_64_19_c.CDF,1.852,ST,ST,C15H24,C,19_c,2019,October,st,0.01,7.91,19,five
10.2386_191101_48_9_n.CDF,1.852,ST,ST,C15H24,N,9_n,2019,August,st,0.01,7.92,9,five
18.2395_191101_57_5_h.CDF,0.406,HC,alkane,C8H18,H,5_h,2019,October,"2,2,3,3-tetramethyl-butane",0.01,7.92,5,five
24.2404_191101_62_11_n.CDF,1.167,oMT,oMT,C10H16O,N,11_n,2019,October,fenchone,0.01,7.93,11,five
20.2397_191101_59_7_hxn.CDF,0.321,OVOC,ester,C4H8O2,HxN,7_hxn,2019,October,ethyl acetate,0.01,7.93,7,five
19.2396_191101_58_6_n.CDF,1.94,ST,ST,C15H24,N,6_n,2019,October,a-bisabolene,0.01,7.93,6,five
25.2406_191101_64_19_c.CDF,0.587,HC,alkane,C8H18,C,19_c,2019,October,octane,0.01,7.94,19,five
17.2394_191101_56_4_hxn.CDF,1.059,MT,MT,C10H16,HxN,4_hxn,2019,October,d-limonene,0.01,7.94,4,five
19.2396_191101_58_6_n.CDF,0.466,HC,alkane,C7H14,N,6_n,2019,October,methyl cyclohexane,0.01,7.94,6,five
20.2397_191101_59_7_hxn.CDF,1.832,ST,ST,C15H24,HxN,7_hxn,2019,October,st,0.01,7.96,7,five
19.2396_191101_58_6_n.CDF,1.832,ST,ST,C15H24,N,6_n,2019,October,st,0.01,7.97,6,five
17.2394_191101_56_4_hxn.CDF,0.779,HC,alkene,C9H18,HxN,4_hxn,2019,October,1-ethyl-4-methylcyclohexane,0.01,7.97,4,five
17.2394_191101_56_4_hxn.CDF,0.818,HC,alkane,C9H18,HxN,4_hxn,2019,October,alkane,0.01,7.98,4,five
23.2403_191101_61_9_n.CDF,0.68,HC,alkene,C9H18,N,9_n,2019,October,"1,1,3-trimethyl-cyclohexane",0.01,7.99,9,five
19.2396_191101_58_6_n.CDF,1.168,OVOC,oBz,C9H12O,N,6_n,2019,October,"a,a-dimethyl-benzenemethanol",0.01,7.99,6,five
19.2396_191101_58_6_n.CDF,1.823,ST,ST,C15H24,N,6_n,2019,October,aromandendrene,0.01,8.01,6,five
17.2394_191101_56_4_hxn.CDF,0.726,HC,alkane,C9H20,HxN,4_hxn,2019,October,4-methyl-octane,0.01,8.01,4,five
10.2386_191101_48_9_n.CDF,1.818,ST,ST,C15H24,N,9_n,2019,August,st,0.01,8.03,9,five
45.2502_191104_63_12_c.CDF,0.305,OVOC,ketone,C4H6O,C,12_c,2019,October,2-butanone,0.01,8.04,12,five
25.2406_191101_64_19_c.CDF,0.773,HC,alkane,,C,19_c,2019,October,alkane,0.01,8.04,19,five
45.2502_191104_63_12_c.CDF,0.818,HC,alkane,C9H18,C,12_c,2019,October,alkane,0.01,8.04,12,five
17.2394_191101_56_4_hxn.CDF,0.708,HC,alkene,C9H18,HxN,4_hxn,2019,October,"1,2,4-trimethyl-cyclohexane",0.01,8.04,4,five
45.2502_191104_63_12_c.CDF,1,GLV,ester,C8H14O2,C,12_c,2019,October,cis-3-hexenyl acetate,0.01,8.04,12,five
17.2394_191101_56_4_hxn.CDF,0.653,OVOC,furan,C5H4O2,HxN,4_hxn,2019,October,2-furaldehyde,0.01,8.05,4,five
18.2395_191101_57_5_h.CDF,0.779,HC,alkene,C9H18,H,5_h,2019,October,1-ethyl-4-methylcyclohexane,0.01,8.06,5,five
14.2391_191101_53_1_c.CDF,0.77,OVOC,acid,C6H8O2,C,1_c,2019,October,sorbic acid,0.01,8.08,1,five
17.2394_191101_56_4_hxn.CDF,0.395,OTHER,other,,HxN,4_hxn,2019,October,other,0.01,8.09,4,five
20.2397_191101_59_7_hxn.CDF,0.773,HC,alkane,,HxN,7_hxn,2019,October,alkane,0.01,8.09,7,five
14.2391_191101_53_1_c.CDF,0.715,HC,Bz,C8H10,C,1_c,2019,October,ethylbenzene,0.01,8.1,1,five
47.2554_191108_60_8_h.CDF,0.536,HC,alkane,C8H18,H,8_h,2019,October,2-methyl-heptane,0.01,8.11,8,five
45.2502_191104_63_12_c.CDF,0.68,HC,alkene,C9H18,C,12_c,2019,October,"1,1,3-trimethyl-cyclohexane",0.01,8.11,12,five
19.2396_191101_58_6_n.CDF,0.547,OVOC,ester,C6H12O2,N,6_n,2019,October,"butanoic acid, 2-methyl-, methyl ester",0.01,8.12,6,five
25.2406_191101_64_19_c.CDF,0.68,HC,alkene,C9H18,C,19_c,2019,October,"1,1,3-trimethyl-cyclohexane",0.01,8.13,19,five
45.2502_191104_63_12_c.CDF,2.159,OVOC,oBz,C14H14O2,C,12_c,2019,October,"1,2-diphenoxyethane",0.01,8.14,12,five
19.2396_191101_58_6_n.CDF,1.835,ST,ST,C15H22,N,6_n,2019,October,st,0.01,8.15,6,five
19.2396_191101_58_6_n.CDF,0.797,OVOC,ovoc,C7H12O,N,6_n,2019,October,ovoc,0.01,8.16,6,five
24.2404_191101_62_11_n.CDF,0.404,OVOC,ketone,C5H10O,N,11_n,2019,October,2-pentanone,0.01,8.16,11,five
47.2554_191108_60_8_h.CDF,0.402,OVOC,ester,C5H10O2,H,8_h,2019,October,methyl isobutyrate,0.01,8.16,8,five
23.2403_191101_61_9_n.CDF,0.962,HC,Bz,C9H10,N,9_n,2019,October,a-methylstyrene,0.01,8.16,9,five
20.2397_191101_59_7_hxn.CDF,0.781,HC,Bz,C8H10,HxN,7_hxn,2019,October,o-xylene,0.01,8.17,7,five
19.2396_191101_58_6_n.CDF,1,GLV,ester,C8H14O2,N,6_n,2019,October,cis-3-hexenyl acetate,0.01,8.17,6,five
24.2404_191101_62_11_n.CDF,0.653,OVOC,furan,C5H4O2,N,11_n,2019,October,2-furaldehyde,0.02,8.18,11,five
25.2406_191101_64_19_c.CDF,0.492,OVOC,ketone,C6H12O,C,19_c,2019,October,methyl isobutyl ketone,0.02,8.18,19,five
17.2394_191101_56_4_hxn.CDF,0.863,OTHER,other,,HxN,4_hxn,2019,October,other,0.02,8.18,4,five
24.2404_191101_62_11_n.CDF,0.309,OVOC,furan,C5H6O,N,11_n,2019,October,furan,0.02,8.19,11,five
24.2404_191101_62_11_n.CDF,0.466,HC,alkane,C7H14,N,11_n,2019,October,methyl cyclohexane,0.02,8.2,11,five
25.2406_191101_64_19_c.CDF,1.062,OVOC,oBz,C7H8O,C,19_c,2019,October,benzyl alcohol,0.02,8.2,19,five
45.2502_191104_63_12_c.CDF,0.995,OVOC,aldehyde,C8H16O,C,12_c,2019,October,octanal,0.02,8.2,12,five
17.2394_191101_56_4_hxn.CDF,0.309,OVOC,furan,C5H6O,HxN,4_hxn,2019,October,furan,0.02,8.2,4,five
17.2394_191101_56_4_hxn.CDF,0.775,HC,Bz,C8H8,HxN,4_hxn,2019,October,styrene,0.02,8.21,4,five
24.2404_191101_62_11_n.CDF,0.779,HC,alkene,C9H18,N,11_n,2019,October,1-ethyl-4-methylcyclohexane,0.02,8.22,11,five
25.2406_191101_64_19_c.CDF,0.728,HC,alkane,C9H20,C,19_c,2019,October,2-methyl-octane,0.02,8.22,19,five
16.2393_191101_55_3_hxn.CDF,0.77,OVOC,acid,C6H8O2,HxN,3_hxn,2019,October,sorbic acid,0.02,8.22,3,five
16.2393_191101_55_3_hxn.CDF,1.27,oMT,oMT,C10H16O,HxN,3_hxn,2019,October,(+)-camphor,0.02,8.22,3,five
24.2404_191101_62_11_n.CDF,0.297,OVOC,ketone,C4H6O,N,11_n,2019,October,methyl vinyl ketone,0.02,8.23,11,five
17.2394_191101_56_4_hxn.CDF,1.167,oMT,oMT,C10H16O,HxN,4_hxn,2019,October,fenchone,0.02,8.23,4,five
16.2393_191101_55_3_hxn.CDF,0.797,OVOC,ovoc,C7H12O,HxN,3_hxn,2019,October,ovoc,0.02,8.23,3,five
17.2394_191101_56_4_hxn.CDF,1.852,ST,ST,C15H24,HxN,4_hxn,2019,October,st,0.02,8.23,4,five
18.2395_191101_57_5_h.CDF,0.313,OVOC,furan,C5H6O,H,5_h,2019,October,2-methylfuran,0.02,8.24,5,five
15.2392_191101_54_2_h.CDF,0.439,OVOC,ester,C5H8O2,H,2_h,2019,October,methyl methacrylate,0.02,8.24,2,five
19.2396_191101_58_6_n.CDF,1.7,ST,ST,C15H24,N,6_n,2019,October,st,0.02,8.24,6,five
24.2404_191101_62_11_n.CDF,0.339,HC,alkane,C6H12,N,11_n,2019,October,methyl cyclopentane,0.02,8.25,11,five
20.2397_191101_59_7_hxn.CDF,0.636,HC,alkene,C8H14,HxN,7_hxn,2019,October,"1,3-octadiene",0.02,8.26,7,five
19.2396_191101_58_6_n.CDF,1.852,ST,ST,C15H24,N,6_n,2019,October,st,0.02,8.26,6,five
15.2392_191101_54_2_h.CDF,0.377,HC,Bz,C6H6,H,2_h,2019,October,benzene,0.02,8.27,2,five
23.2403_191101_61_9_n.CDF,0.44,OTHER,other,C8H16,N,9_n,2019,October,"2,4,4-trimethyl-1-pentene",0.02,8.28,9,five
19.2396_191101_58_6_n.CDF,1.846,ST,ST,C15H24,N,6_n,2019,October,a-humulene,0.02,8.28,6,five
20.2397_191101_59_7_hxn.CDF,1.852,ST,ST,C15H24,HxN,7_hxn,2019,October,st,0.02,8.29,7,five
19.2396_191101_58_6_n.CDF,1.117,MT,MT,C10H16,N,6_n,2019,October,y-terpinene,0.02,8.3,6,five
45.2502_191104_63_12_c.CDF,0.863,OTHER,other,,C,12_c,2019,October,other,0.02,8.32,12,five
23.2403_191101_61_9_n.CDF,0.395,OTHER,other,,N,9_n,2019,October,other,0.02,8.32,9,five
14.2391_191101_53_1_c.CDF,0.797,OVOC,ovoc,C7H12O,C,1_c,2019,October,ovoc,0.02,8.32,1,five
19.2396_191101_58_6_n.CDF,0.866,MT,MT,C10H16,N,6_n,2019,October,a-pinene,0.02,8.32,6,five
18.2395_191101_57_5_h.CDF,0.268,OVOC,ovoc,C4H6O,H,5_h,2019,October,vinyl ether,0.02,8.32,5,five
18.2395_191101_57_5_h.CDF,1.861,ST,ST,C15H24,H,5_h,2019,October,trans-a-bisabolene,0.02,8.33,5,five
25.2406_191101_64_19_c.CDF,0.779,HC,alkene,C9H18,C,19_c,2019,October,1-ethyl-4-methylcyclohexane,0.02,8.33,19,five
24.2404_191101_62_11_n.CDF,1.792,ST,ST,C15H24,N,11_n,2019,October,b-caryophyllene,0.02,8.34,11,five
14.2391_191101_53_1_c.CDF,0.781,HC,Bz,C8H10,C,1_c,2019,October,o-xylene,0.02,8.34,1,five
24.2404_191101_62_11_n.CDF,1.812,OVOC,oBz,C14H22O,N,11_n,2019,October,"2,4-di-tert-butylphenol",0.02,8.35,11,five
25.2406_191101_64_19_c.CDF,0.9,MT,MT,C10H16,C,19_c,2019,October,camphene,0.02,8.35,19,five
47.2554_191108_60_8_h.CDF,0.796,HC,alkane,C9H20,H,8_h,2019,October,nonane,0.02,8.35,8,five
15.2392_191101_54_2_h.CDF,0.715,HC,Bz,C8H10,H,2_h,2019,October,ethylbenzene,0.02,8.38,2,five
14.2391_191101_53_1_c.CDF,0.962,HC,Bz,C9H10,C,1_c,2019,October,a-methylstyrene,0.02,8.38,1,five
15.2392_191101_54_2_h.CDF,0.797,OVOC,ovoc,C7H12O,H,2_h,2019,October,ovoc,0.03,8.4,2,five
20.2397_191101_59_7_hxn.CDF,0.471,HC,alkene,C8H16,HxN,7_hxn,2019,October,"3,4,4-trimethyl-2-pentene",0.03,8.4,7,five
20.2397_191101_59_7_hxn.CDF,0.551,OVOC,ovoc,,HxN,7_hxn,2019,October,ovoc,0.03,8.4,7,five
18.2395_191101_57_5_h.CDF,1.846,ST,ST,C15H24,H,5_h,2019,October,a-humulene,0.03,8.41,5,five
17.2394_191101_56_4_hxn.CDF,0.89,OTHER,other,,HxN,4_hxn,2019,October,other,0.03,8.41,4,five
19.2396_191101_58_6_n.CDF,0.492,OVOC,ketone,C6H12O,N,6_n,2019,October,methyl isobutyl ketone,0.03,8.41,6,five
45.2502_191104_63_12_c.CDF,0.918,HC,alkane,C10H20,C,12_c,2019,October,alkane,0.03,8.42,12,five
25.2406_191101_64_19_c.CDF,0.466,HC,alkane,C7H14,C,19_c,2019,October,methyl cyclohexane,0.03,8.43,19,five
19.2396_191101_58_6_n.CDF,0.402,OVOC,ester,C5H10O2,N,6_n,2019,October,methyl isobutyrate,0.03,8.43,6,five
25.2406_191101_64_19_c.CDF,1.844,oST,oST,C15H26O,C,19_c,2019,October,ost,0.03,8.43,19,five
17.2394_191101_56_4_hxn.CDF,0.551,OVOC,ovoc,,HxN,4_hxn,2019,October,ovoc,0.03,8.44,4,five
45.2502_191104_63_12_c.CDF,0.321,OVOC,ester,C4H8O2,C,12_c,2019,October,ethyl acetate,0.03,8.45,12,five
18.2395_191101_57_5_h.CDF,1.779,ST,ST,C15H24,H,5_h,2019,October,st,0.03,8.46,5,five
18.2395_191101_57_5_h.CDF,0.44,OTHER,other,C8H16,H,5_h,2019,October,"2,4,4-trimethyl-1-pentene",0.03,8.48,5,five
19.2396_191101_58_6_n.CDF,1.022,MT,MT,C10H16,N,6_n,2019,October,3-carene,0.03,8.48,6,five
47.2554_191108_60_8_h.CDF,0.395,OTHER,other,,H,8_h,2019,October,other,0.03,8.48,8,five
18.2395_191101_57_5_h.CDF,0.879,HC,alkane,C10H22,H,5_h,2019,October,3-ethyl-2-methyl-heptane,0.03,8.48,5,five
20.2397_191101_59_7_hxn.CDF,0.653,OVOC,furan,C5H4O2,HxN,7_hxn,2019,October,2-furaldehyde,0.03,8.49,7,five
18.2395_191101_57_5_h.CDF,1.852,ST,ST,C15H24,H,5_h,2019,October,st,0.03,8.49,5,five
25.2406_191101_64_19_c.CDF,0.402,OVOC,ester,C5H10O2,C,19_c,2019,October,methyl isobutyrate,0.03,8.49,19,five
19.2396_191101_58_6_n.CDF,0.68,HC,alkene,C9H18,N,6_n,2019,October,"1,1,3-trimethyl-cyclohexane",0.03,8.49,6,five
23.2403_191101_61_9_n.CDF,1.196,oMT,oMT,C10H16O,N,9_n,2019,October,a-thujone,0.03,8.49,9,five
23.2403_191101_61_9_n.CDF,1.27,oMT,oMT,C10H16O,N,9_n,2019,October,(+)-camphor,0.03,8.5,9,five
19.2396_191101_58_6_n.CDF,1.779,ST,ST,C15H24,N,6_n,2019,October,st,0.03,8.5,6,five
45.2502_191104_63_12_c.CDF,0.44,OTHER,other,C8H16,C,12_c,2019,October,"2,4,4-trimethyl-1-pentene",0.03,8.51,12,five
20.2397_191101_59_7_hxn.CDF,2.36,HC,alkane,,HxN,7_hxn,2019,October,alkane,0.03,8.51,7,five
18.2395_191101_57_5_h.CDF,1.832,ST,ST,C15H24,H,5_h,2019,October,st,0.03,8.52,5,five
14.2391_191101_53_1_c.CDF,0.395,OTHER,other,,C,1_c,2019,October,other,0.03,8.52,1,five
19.2396_191101_58_6_n.CDF,1.215,oMT,oMT,C10H16O,N,6_n,2019,October,b-thujone,0.03,8.52,6,five
19.2396_191101_58_6_n.CDF,1.898,ST,ST,C15H24,N,6_n,2019,October,a-farnesene,0.03,8.53,6,five
19.2396_191101_58_6_n.CDF,0.44,OTHER,other,C8H16,N,6_n,2019,October,"2,4,4-trimethyl-1-pentene",0.03,8.53,6,five
19.2396_191101_58_6_n.CDF,0.775,HC,Bz,C8H8,N,6_n,2019,October,styrene,0.03,8.53,6,five
18.2395_191101_57_5_h.CDF,1.898,ST,ST,C15H24,H,5_h,2019,October,a-farnesene,0.03,8.54,5,five
19.2396_191101_58_6_n.CDF,0.958,MT,MT,C10H16,N,6_n,2019,October,b-pinene,0.03,8.54,6,five
14.2391_191101_53_1_c.CDF,1.05,MT,MT,C10H14,C,1_c,2019,October,p-cymene,0.04,8.57,1,five
25.2406_191101_64_19_c.CDF,0.339,HC,alkane,C6H12,C,19_c,2019,October,methyl cyclopentane,0.04,8.58,19,five
16.2393_191101_55_3_hxn.CDF,0.321,OVOC,ester,C4H8O2,HxN,3_hxn,2019,October,ethyl acetate,0.04,8.58,3,five
20.2397_191101_59_7_hxn.CDF,0.715,HC,Bz,C8H10,HxN,7_hxn,2019,October,ethylbenzene,0.04,8.59,7,five
19.2396_191101_58_6_n.CDF,0.536,HC,alkane,C8H18,N,6_n,2019,October,2-methyl-heptane,0.04,8.6,6,five
24.2404_191101_62_11_n.CDF,0.781,HC,Bz,C8H10,N,11_n,2019,October,o-xylene,0.04,8.6,11,five
25.2406_191101_64_19_c.CDF,0.366,OVOC,ketone,C5H10O,C,19_c,2019,October,3-methyl-2-butanone,0.04,8.61,19,five
24.2404_191101_62_11_n.CDF,1.05,MT,MT,C10H14,N,11_n,2019,October,p-cymene,0.04,8.61,11,five
24.2404_191101_62_11_n.CDF,1.084,HC,alkane,,N,11_n,2019,October,alkane,0.04,8.61,11,five
23.2403_191101_61_9_n.CDF,1.812,OVOC,oBz,C14H22O,N,9_n,2019,October,"2,4-di-tert-butylphenol",0.04,8.61,9,five
47.2554_191108_60_8_h.CDF,0.339,HC,alkane,C6H12,H,8_h,2019,October,methyl cyclopentane,0.04,8.62,8,five
20.2397_191101_59_7_hxn.CDF,0.313,OVOC,furan,C5H6O,HxN,7_hxn,2019,October,2-methylfuran,0.04,8.62,7,five
19.2396_191101_58_6_n.CDF,1.792,ST,ST,C15H24,N,6_n,2019,October,b-caryophyllene,0.04,8.62,6,five
24.2404_191101_62_11_n.CDF,0.715,HC,Bz,C8H10,N,11_n,2019,October,ethylbenzene,0.04,8.63,11,five
45.2502_191104_63_12_c.CDF,0.421,HC,alkane,C7H16,C,12_c,2019,October,heptane,0.04,8.64,12,five
17.2394_191101_56_4_hxn.CDF,1.215,oMT,oMT,C10H16O,HxN,4_hxn,2019,October,b-thujone,0.04,8.65,4,five
23.2403_191101_61_9_n.CDF,1.139,OVOC,oBz,C8H8O,N,9_n,2019,October,4-methyl-benzaldehyde,0.05,8.66,9,five
25.2406_191101_64_19_c.CDF,0.567,HC,alkane,C8H16,C,19_c,2019,October,3-methylene-heptane,0.05,8.66,19,five
24.2404_191101_62_11_n.CDF,1.861,ST,ST,C15H24,N,11_n,2019,October,trans-a-bisabolene,0.05,8.66,11,five
17.2394_191101_56_4_hxn.CDF,1.196,oMT,oMT,C10H16O,HxN,4_hxn,2019,October,a-thujone,0.05,8.66,4,five
19.2396_191101_58_6_n.CDF,1.167,oMT,oMT,C10H16O,N,6_n,2019,October,fenchone,0.05,8.66,6,five
47.2554_191108_60_8_h.CDF,0.779,HC,alkene,C9H18,H,8_h,2019,October,1-ethyl-4-methylcyclohexane,0.05,8.67,8,five
47.2554_191108_60_8_h.CDF,0.309,OVOC,furan,C5H6O,H,8_h,2019,October,furan,0.05,8.67,8,five
24.2404_191101_62_11_n.CDF,0.313,OVOC,furan,C5H6O,N,11_n,2019,October,2-methylfuran,0.05,8.67,11,five
10.2386_191101_48_9_n.CDF,1.059,MT,MT,C10H16,N,9_n,2019,August,d-limonene,0.05,8.67,9,five
23.2403_191101_61_9_n.CDF,0.268,OVOC,ovoc,C4H6O,N,9_n,2019,October,vinyl ether,0.05,8.68,9,five
19.2396_191101_58_6_n.CDF,0.818,HC,alkane,C9H18,N,6_n,2019,October,alkane,0.05,8.68,6,five
14.2391_191101_53_1_c.CDF,0.421,HC,alkane,C7H16,C,1_c,2019,October,heptane,0.05,8.68,1,five
19.2396_191101_58_6_n.CDF,0.657,HC,alkane,,N,6_n,2019,October,alkane,0.05,8.68,6,five
20.2397_191101_59_7_hxn.CDF,1.844,oST,oST,C15H26O,HxN,7_hxn,2019,October,ost,0.05,8.68,7,five
23.2403_191101_61_9_n.CDF,0.418,OVOC,ketone,C5H10O,N,9_n,2019,October,3-pentanone,0.05,8.68,9,five
25.2406_191101_64_19_c.CDF,0.911,HC,alkane,,C,19_c,2019,October,alkane,0.05,8.69,19,five
45.2502_191104_63_12_c.CDF,1.812,OVOC,oBz,C14H22O,C,12_c,2019,October,"2,4-di-tert-butylphenol",0.05,8.7,12,five
23.2403_191101_61_9_n.CDF,1.19,oMT,oMT,C10H18O,N,9_n,2019,October,linalool,0.05,8.7,9,five
19.2396_191101_58_6_n.CDF,0.581,OTHER,other,,N,6_n,2019,October,other,0.05,8.71,6,five
19.2396_191101_58_6_n.CDF,0.781,HC,Bz,C8H10,N,6_n,2019,October,o-xylene,0.05,8.71,6,five
45.2502_191104_63_12_c.CDF,0.268,OVOC,ovoc,C4H6O,C,12_c,2019,October,vinyl ether,0.05,8.72,12,five
23.2403_191101_61_9_n.CDF,1.084,HC,alkane,,N,9_n,2019,October,alkane,0.05,8.72,9,five
20.2397_191101_59_7_hxn.CDF,0.395,OTHER,other,,HxN,7_hxn,2019,October,other,0.05,8.72,7,five
17.2394_191101_56_4_hxn.CDF,1.27,oMT,oMT,C10H16O,HxN,4_hxn,2019,October,(+)-camphor,0.05,8.72,4,five
20.2397_191101_59_7_hxn.CDF,0.796,HC,alkane,C9H20,HxN,7_hxn,2019,October,nonane,0.05,8.73,7,five
10.2386_191101_48_9_n.CDF,0.421,HC,alkane,C7H16,N,9_n,2019,August,heptane,0.05,8.73,9,five
45.2502_191104_63_12_c.CDF,0.404,OVOC,ketone,C5H10O,C,12_c,2019,October,2-pentanone,0.05,8.73,12,five
15.2392_191101_54_2_h.CDF,0.492,OVOC,ketone,C6H12O,H,2_h,2019,October,methyl isobutyl ketone,0.06,8.74,2,five
23.2403_191101_61_9_n.CDF,0.551,OVOC,ovoc,,N,9_n,2019,October,ovoc,0.06,8.74,9,five
19.2396_191101_58_6_n.CDF,0.366,OVOC,ketone,C5H10O,N,6_n,2019,October,3-methyl-2-butanone,0.06,8.75,6,five
17.2394_191101_56_4_hxn.CDF,0.918,HC,alkane,C10H20,HxN,4_hxn,2019,October,alkane,0.06,8.75,4,five
25.2406_191101_64_19_c.CDF,1.059,MT,MT,C10H16,C,19_c,2019,October,d-limonene,0.06,8.75,19,five
45.2502_191104_63_12_c.CDF,0.471,HC,alkene,C8H16,C,12_c,2019,October,"3,4,4-trimethyl-2-pentene",0.06,8.76,12,five
24.2404_191101_62_11_n.CDF,1.832,ST,ST,C15H24,N,11_n,2019,October,st,0.06,8.76,11,five
24.2404_191101_62_11_n.CDF,0.306,HC,alkane,C6H14,N,11_n,2019,October,hexane,0.06,8.76,11,five
19.2396_191101_58_6_n.CDF,0.911,HC,alkane,,N,6_n,2019,October,alkane,0.06,8.77,6,five
15.2392_191101_54_2_h.CDF,0.691,GLV,aldehyde,C6H10O,H,2_h,2019,October,trans-2-hexen-1-al,0.06,8.77,2,five
17.2394_191101_56_4_hxn.CDF,0.313,OVOC,furan,C5H6O,HxN,4_hxn,2019,October,2-methylfuran,0.06,8.77,4,five
19.2396_191101_58_6_n.CDF,0.728,HC,alkane,C9H20,N,6_n,2019,October,2-methyl-octane,0.06,8.77,6,five
24.2404_191101_62_11_n.CDF,0.406,HC,alkane,C8H18,N,11_n,2019,October,"2,2,3,3-tetramethyl-butane",0.06,8.77,11,five
17.2394_191101_56_4_hxn.CDF,0.268,OVOC,ovoc,C4H6O,HxN,4_hxn,2019,October,vinyl ether,0.06,8.77,4,five
24.2404_191101_62_11_n.CDF,1.779,ST,ST,C15H24,N,11_n,2019,October,st,0.06,8.78,11,five
19.2396_191101_58_6_n.CDF,0.67,HC,alkane,C9H20,N,6_n,2019,October,"2,5-dimethyl-heptane",0.06,8.78,6,five
20.2397_191101_59_7_hxn.CDF,0.962,HC,Bz,C9H10,HxN,7_hxn,2019,October,a-methylstyrene,0.06,8.78,7,five
24.2404_191101_62_11_n.CDF,0.732,HC,Bz,C8H10,N,11_n,2019,October,p-xylene,0.06,8.78,11,five
23.2403_191101_61_9_n.CDF,1.05,MT,MT,C10H14,N,9_n,2019,October,p-cymene,0.06,8.79,9,five
20.2397_191101_59_7_hxn.CDF,1.05,MT,MT,C10H14,HxN,7_hxn,2019,October,p-cymene,0.06,8.79,7,five
47.2554_191108_60_8_h.CDF,0.587,HC,alkane,C8H18,H,8_h,2019,October,octane,0.06,8.79,8,five
15.2392_191101_54_2_h.CDF,0.781,HC,Bz,C8H10,H,2_h,2019,October,o-xylene,0.06,8.79,2,five
17.2394_191101_56_4_hxn.CDF,1.05,MT,MT,C10H14,HxN,4_hxn,2019,October,p-cymene,0.06,8.79,4,five
18.2395_191101_57_5_h.CDF,0.228,ISO,isoprene,C5H8,H,5_h,2019,October,isoprene,0.06,8.79,5,five
14.2391_191101_53_1_c.CDF,1.844,oST,oST,C15H26O,C,1_c,2019,October,ost,0.06,8.8,1,five
25.2406_191101_64_19_c.CDF,0.551,OVOC,ovoc,,C,19_c,2019,October,ovoc,0.06,8.8,19,five
16.2393_191101_55_3_hxn.CDF,0.283,HC,alkane,C5H10,HxN,3_hxn,2019,October,alkane,0.06,8.81,3,five
47.2554_191108_60_8_h.CDF,0.911,HC,alkane,,H,8_h,2019,October,alkane,0.06,8.81,8,five
24.2404_191101_62_11_n.CDF,1.067,oMT,oMT,C10H18O,N,11_n,2019,October,eucalyptol,0.06,8.81,11,five
45.2502_191104_63_12_c.CDF,0.765,OVOC,ketone,C7H14O,C,12_c,2019,October,2-heptanone,0.07,8.81,12,five
15.2392_191101_54_2_h.CDF,1.05,MT,MT,C10H14,H,2_h,2019,October,p-cymene,0.07,8.81,2,five
45.2502_191104_63_12_c.CDF,0.866,MT,MT,C10H16,C,12_c,2019,October,a-pinene,0.07,8.82,12,five
23.2403_191101_61_9_n.CDF,1.507,OTHER,nitro,C8H7N,N,9_n,2019,October,indole,0.07,8.83,9,five
24.2404_191101_62_11_n.CDF,1.852,ST,ST,C15H24,N,11_n,2019,October,st,0.07,8.84,11,five
45.2502_191104_63_12_c.CDF,1.19,oMT,oMT,C10H18O,C,12_c,2019,October,linalool,0.07,8.84,12,five
14.2391_191101_53_1_c.CDF,0.439,OVOC,ester,C5H8O2,C,1_c,2019,October,methyl methacrylate,0.07,8.84,1,five
14.2391_191101_53_1_c.CDF,0.44,OTHER,other,C8H16,C,1_c,2019,October,"2,4,4-trimethyl-1-pentene",0.07,8.84,1,five
19.2396_191101_58_6_n.CDF,1.177,MT,MT,C10H16,N,6_n,2019,October,terpinolene,0.07,8.85,6,five
19.2396_191101_58_6_n.CDF,0.918,HC,alkane,C10H20,N,6_n,2019,October,alkane,0.07,8.85,6,five
16.2393_191101_55_3_hxn.CDF,0.766,HC,alkene,C9H18,HxN,3_hxn,2019,October,1-nonene,0.07,8.86,3,five
23.2403_191101_61_9_n.CDF,1.067,oMT,oMT,C10H18O,N,9_n,2019,October,eucalyptol,0.07,8.86,9,five
47.2554_191108_60_8_h.CDF,1.05,MT,MT,C10H14,H,8_h,2019,October,p-cymene,0.07,8.86,8,five
19.2396_191101_58_6_n.CDF,0.715,HC,Bz,C8H10,N,6_n,2019,October,ethylbenzene,0.07,8.86,6,five
24.2404_191101_62_11_n.CDF,1.27,oMT,oMT,C10H16O,N,11_n,2019,October,(+)-camphor,0.07,8.87,11,five
23.2403_191101_61_9_n.CDF,0.353,OVOC,furan,C4H8O2,N,9_n,2019,October,"2-methyl-1,3-dioxolane",0.07,8.87,9,five
45.2502_191104_63_12_c.CDF,0.766,HC,alkene,C9H18,C,12_c,2019,October,1-nonene,0.08,8.88,12,five
45.2502_191104_63_12_c.CDF,0.796,HC,alkane,C9H20,C,12_c,2019,October,nonane,0.08,8.88,12,five
16.2393_191101_55_3_hxn.CDF,0.715,HC,Bz,C8H10,HxN,3_hxn,2019,October,ethylbenzene,0.08,8.88,3,five
16.2393_191101_55_3_hxn.CDF,0.691,GLV,aldehyde,C6H10O,HxN,3_hxn,2019,October,trans-2-hexen-1-al,0.08,8.89,3,five
20.2397_191101_59_7_hxn.CDF,0.766,HC,alkene,C9H18,HxN,7_hxn,2019,October,1-nonene,0.08,8.89,7,five
24.2404_191101_62_11_n.CDF,1.059,MT,MT,C10H16,N,11_n,2019,October,d-limonene,0.08,8.89,11,five
17.2394_191101_56_4_hxn.CDF,1.19,oMT,oMT,C10H18O,HxN,4_hxn,2019,October,linalool,0.08,8.9,4,five
16.2393_191101_55_3_hxn.CDF,1.133,OVOC,oBz,C8H8O,HxN,3_hxn,2019,October,acetophenone,0.08,8.9,3,five
23.2403_191101_61_9_n.CDF,0.283,HC,alkane,C5H10,N,9_n,2019,October,alkane,0.08,8.91,9,five
24.2404_191101_62_11_n.CDF,0.421,HC,alkane,C7H16,N,11_n,2019,October,heptane,0.08,8.91,11,five
24.2404_191101_62_11_n.CDF,1.898,ST,ST,C15H24,N,11_n,2019,October,a-farnesene,0.08,8.91,11,five
20.2397_191101_59_7_hxn.CDF,0.353,OVOC,furan,C4H8O2,HxN,7_hxn,2019,October,"2-methyl-1,3-dioxolane",0.08,8.91,7,five
24.2404_191101_62_11_n.CDF,0.268,OVOC,ovoc,C4H6O,N,11_n,2019,October,vinyl ether,0.08,8.91,11,five
19.2396_191101_58_6_n.CDF,0.567,HC,alkane,C8H16,N,6_n,2019,October,3-methylene-heptane,0.08,8.92,6,five
19.2396_191101_58_6_n.CDF,0.845,OTHER,other,,N,6_n,2019,October,other,0.08,8.92,6,five
47.2554_191108_60_8_h.CDF,0.571,HC,alkene,C8H16,H,8_h,2019,October,1-octene,0.08,8.92,8,five
24.2404_191101_62_11_n.CDF,1.94,ST,ST,C15H24,N,11_n,2019,October,a-bisabolene,0.08,8.93,11,five
17.2394_191101_56_4_hxn.CDF,0.94,OVOC,oBz,C6H6O,HxN,4_hxn,2019,October,phenol,0.09,8.93,4,five
16.2393_191101_55_3_hxn.CDF,0.377,HC,Bz,C6H6,HxN,3_hxn,2019,October,benzene,0.09,8.93,3,five
47.2554_191108_60_8_h.CDF,0.305,OVOC,ketone,C4H6O,H,8_h,2019,October,2-butanone,0.09,8.94,8,five
23.2403_191101_61_9_n.CDF,0.653,OVOC,furan,C5H4O2,N,9_n,2019,October,2-furaldehyde,0.09,8.94,9,five
24.2404_191101_62_11_n.CDF,0.395,OTHER,other,,N,11_n,2019,October,other,0.09,8.94,11,five
23.2403_191101_61_9_n.CDF,0.781,HC,Bz,C8H10,N,9_n,2019,October,o-xylene,0.09,8.95,9,five
20.2397_191101_59_7_hxn.CDF,0.418,OVOC,ketone,C5H10O,HxN,7_hxn,2019,October,3-pentanone,0.09,8.96,7,five
24.2404_191101_62_11_n.CDF,1.846,ST,ST,C15H24,N,11_n,2019,October,a-humulene,0.09,8.96,11,five
14.2391_191101_53_1_c.CDF,0.691,GLV,aldehyde,C6H10O,C,1_c,2019,October,trans-2-hexen-1-al,0.09,8.96,1,five
45.2502_191104_63_12_c.CDF,1.388,OVOC,aldehyde,C10H20O,C,12_c,2019,October,decanal,0.09,8.96,12,five
19.2396_191101_58_6_n.CDF,0.418,OVOC,ketone,C5H10O,N,6_n,2019,October,3-pentanone,0.09,8.96,6,five
45.2502_191104_63_12_c.CDF,1.05,MT,MT,C10H14,C,12_c,2019,October,p-cymene,0.09,8.96,12,five
19.2396_191101_58_6_n.CDF,1.084,HC,alkane,,N,6_n,2019,October,alkane,0.09,8.96,6,five
23.2403_191101_61_9_n.CDF,0.691,GLV,aldehyde,C6H10O,N,9_n,2019,October,trans-2-hexen-1-al,0.09,8.97,9,five
18.2395_191101_57_5_h.CDF,0.283,HC,alkane,C5H10,H,5_h,2019,October,alkane,0.09,8.97,5,five
18.2395_191101_57_5_h.CDF,1.812,OVOC,oBz,C14H22O,H,5_h,2019,October,"2,4-di-tert-butylphenol",0.09,8.97,5,five
19.2396_191101_58_6_n.CDF,0.863,OTHER,other,,N,6_n,2019,October,other,0.1,8.98,6,five
25.2406_191101_64_19_c.CDF,0.781,HC,Bz,C8H10,C,19_c,2019,October,o-xylene,0.1,8.98,19,five
24.2404_191101_62_11_n.CDF,0.283,HC,alkane,C5H10,N,11_n,2019,October,alkane,0.1,8.98,11,five
17.2394_191101_56_4_hxn.CDF,1.084,HC,alkane,,HxN,4_hxn,2019,October,alkane,0.1,8.99,4,five
25.2406_191101_64_19_c.CDF,0.297,OVOC,ketone,C4H6O,C,19_c,2019,October,methyl vinyl ketone,0.1,8.99,19,five
17.2394_191101_56_4_hxn.CDF,0.421,HC,alkane,C7H16,HxN,4_hxn,2019,October,heptane,0.1,8.99,4,five
23.2403_191101_61_9_n.CDF,0.801,GLV,aldehyde,C7H14O,N,9_n,2019,October,heptanal,0.1,9,9,five
19.2396_191101_58_6_n.CDF,0.395,OTHER,other,,N,6_n,2019,October,other,0.1,9,6,five
45.2502_191104_63_12_c.CDF,0.313,OVOC,furan,C5H6O,C,12_c,2019,October,2-methylfuran,0.1,9.01,12,five
24.2404_191101_62_11_n.CDF,0.911,HC,alkane,,N,11_n,2019,October,alkane,0.1,9.01,11,five
20.2397_191101_59_7_hxn.CDF,0.228,ISO,isoprene,C5H8,HxN,7_hxn,2019,October,isoprene,0.1,9.02,7,five
25.2406_191101_64_19_c.CDF,0.309,OVOC,furan,C5H6O,C,19_c,2019,October,furan,0.11,9.02,19,five
18.2395_191101_57_5_h.CDF,0.471,HC,alkene,C8H16,H,5_h,2019,October,"3,4,4-trimethyl-2-pentene",0.11,9.02,5,five
47.2554_191108_60_8_h.CDF,0.313,OVOC,furan,C5H6O,H,8_h,2019,October,2-methylfuran,0.11,9.03,8,five
15.2392_191101_54_2_h.CDF,2.281,OTHER,nitro,C10H15NO2S,H,2_h,2019,October,n-butyl-benzenesulfonamide,0.11,9.03,2,five
25.2406_191101_64_19_c.CDF,0.406,HC,alkane,C8H18,C,19_c,2019,October,"2,2,3,3-tetramethyl-butane",0.11,9.03,19,five
16.2393_191101_55_3_hxn.CDF,0.421,HC,alkane,C7H16,HxN,3_hxn,2019,October,heptane,0.11,9.04,3,five
19.2396_191101_58_6_n.CDF,1.059,MT,MT,C10H16,N,6_n,2019,October,d-limonene,0.11,9.04,6,five
16.2393_191101_55_3_hxn.CDF,1.812,OVOC,oBz,C14H22O,HxN,3_hxn,2019,October,"2,4-di-tert-butylphenol",0.11,9.04,3,five
25.2406_191101_64_19_c.CDF,0.353,OVOC,furan,C4H8O2,C,19_c,2019,October,"2-methyl-1,3-dioxolane",0.11,9.04,19,five
23.2403_191101_61_9_n.CDF,0.535,HC,Bz,C7H8,N,9_n,2019,October,toluene,0.11,9.05,9,five
17.2394_191101_56_4_hxn.CDF,0.988,HC,alkane,C10H22,HxN,4_hxn,2019,October,decane,0.11,9.05,4,five
25.2406_191101_64_19_c.CDF,1.19,oMT,oMT,C10H18O,C,19_c,2019,October,linalool,0.11,9.05,19,five
20.2397_191101_59_7_hxn.CDF,0.587,HC,alkane,C8H18,HxN,7_hxn,2019,October,octane,0.11,9.06,7,five
15.2392_191101_54_2_h.CDF,0.831,HC,alkane,C10H22,H,2_h,2019,October,"3,4,5-trimethyl-heptane",0.11,9.06,2,five
25.2406_191101_64_19_c.CDF,0.395,OTHER,other,,C,19_c,2019,October,other,0.11,9.06,19,five
25.2406_191101_64_19_c.CDF,0.439,OVOC,ester,C5H8O2,C,19_c,2019,October,methyl methacrylate,0.12,9.06,19,five
25.2406_191101_64_19_c.CDF,0.715,HC,Bz,C8H10,C,19_c,2019,October,ethylbenzene,0.12,9.07,19,five
14.2391_191101_53_1_c.CDF,0.377,HC,Bz,C6H6,C,1_c,2019,October,benzene,0.12,9.08,1,five
14.2391_191101_53_1_c.CDF,1.812,OVOC,oBz,C14H22O,C,1_c,2019,October,"2,4-di-tert-butylphenol",0.12,9.08,1,five
25.2406_191101_64_19_c.CDF,1.648,HC,alkane,C14H30,C,19_c,2019,October,tetradecane,0.12,9.08,19,five
45.2502_191104_63_12_c.CDF,0.395,OTHER,other,,C,12_c,2019,October,other,0.12,9.09,12,five
25.2406_191101_64_19_c.CDF,0.962,HC,Bz,C9H10,C,19_c,2019,October,a-methylstyrene,0.12,9.09,19,five
19.2396_191101_58_6_n.CDF,0.353,OVOC,furan,C4H8O2,N,6_n,2019,October,"2-methyl-1,3-dioxolane",0.12,9.09,6,five
20.2397_191101_59_7_hxn.CDF,0.421,HC,alkane,C7H16,HxN,7_hxn,2019,October,heptane,0.13,9.1,7,five
47.2554_191108_60_8_h.CDF,1.812,OVOC,oBz,C14H22O,H,8_h,2019,October,"2,4-di-tert-butylphenol",0.13,9.11,8,five
25.2406_191101_64_19_c.CDF,0.313,OVOC,furan,C5H6O,C,19_c,2019,October,2-methylfuran,0.13,9.11,19,five
18.2395_191101_57_5_h.CDF,2.36,HC,alkane,,H,5_h,2019,October,alkane,0.13,9.11,5,five
18.2395_191101_57_5_h.CDF,0.389,HC,alkane,C7H16,H,5_h,2019,October,3-methyl-hexane,0.13,9.12,5,five
24.2404_191101_62_11_n.CDF,0.305,OVOC,ketone,C4H6O,N,11_n,2019,October,2-butanone,0.13,9.12,11,five
16.2393_191101_55_3_hxn.CDF,0.911,HC,alkane,,HxN,3_hxn,2019,October,alkane,0.13,9.12,3,five
15.2392_191101_54_2_h.CDF,0.421,HC,alkane,C7H16,H,2_h,2019,October,heptane,0.13,9.13,2,five
24.2404_191101_62_11_n.CDF,0.439,OVOC,ester,C5H8O2,N,11_n,2019,October,methyl methacrylate,0.14,9.13,11,five
25.2406_191101_64_19_c.CDF,0.228,ISO,isoprene,C5H8,C,19_c,2019,October,isoprene,0.14,9.14,19,five
25.2406_191101_64_19_c.CDF,1.986,oST,oST,C15H26O,C,19_c,2019,October,nerolidol,0.14,9.14,19,five
23.2403_191101_61_9_n.CDF,0.715,HC,Bz,C8H10,N,9_n,2019,October,ethylbenzene,0.14,9.15,9,five
19.2396_191101_58_6_n.CDF,1.844,oST,oST,C15H26O,N,6_n,2019,October,ost,0.14,9.15,6,five
23.2403_191101_61_9_n.CDF,1.648,HC,alkane,C14H30,N,9_n,2019,October,tetradecane,0.14,9.15,9,five
17.2394_191101_56_4_hxn.CDF,0.404,OVOC,ketone,C5H10O,HxN,4_hxn,2019,October,2-pentanone,0.14,9.16,4,five
17.2394_191101_56_4_hxn.CDF,0.967,OTHER,nitro,C7H5N,HxN,4_hxn,2019,October,benzonitrile,0.14,9.16,4,five
10.2386_191101_48_9_n.CDF,1.844,oST,oST,C15H26O,N,9_n,2019,August,ost,0.15,9.17,9,five
18.2395_191101_57_5_h.CDF,1.05,MT,MT,C10H14,H,5_h,2019,October,p-cymene,0.15,9.17,5,five
19.2396_191101_58_6_n.CDF,2.159,OVOC,oBz,C14H14O2,N,6_n,2019,October,"1,2-diphenoxyethane",0.15,9.17,6,five
20.2397_191101_59_7_hxn.CDF,2.281,OTHER,nitro,C10H15NO2S,HxN,7_hxn,2019,October,n-butyl-benzenesulfonamide,0.15,9.18,7,five
18.2395_191101_57_5_h.CDF,0.377,HC,Bz,C6H6,H,5_h,2019,October,benzene,0.15,9.18,5,five
10.2386_191101_48_9_n.CDF,0.471,HC,alkene,C8H16,N,9_n,2019,August,"3,4,4-trimethyl-2-pentene",0.15,9.18,9,five
16.2393_191101_55_3_hxn.CDF,0.492,OVOC,ketone,C6H12O,HxN,3_hxn,2019,October,methyl isobutyl ketone,0.15,9.18,3,five
19.2396_191101_58_6_n.CDF,0.309,OVOC,furan,C5H6O,N,6_n,2019,October,furan,0.15,9.18,6,five
24.2404_191101_62_11_n.CDF,1.648,HC,alkane,C14H30,N,11_n,2019,October,tetradecane,0.15,9.18,11,five
25.2406_191101_64_19_c.CDF,0.418,OVOC,ketone,C5H10O,C,19_c,2019,October,3-pentanone,0.15,9.18,19,five
18.2395_191101_57_5_h.CDF,1.844,oST,oST,C15H26O,H,5_h,2019,October,ost,0.15,9.19,5,five
10.2386_191101_48_9_n.CDF,1.139,OVOC,oBz,C8H8O,N,9_n,2019,August,4-methyl-benzaldehyde,0.15,9.19,9,five
17.2394_191101_56_4_hxn.CDF,0.439,OVOC,ester,C5H8O2,HxN,4_hxn,2019,October,methyl methacrylate,0.16,9.19,4,five
23.2403_191101_61_9_n.CDF,0.306,HC,alkane,C6H14,N,9_n,2019,October,hexane,0.16,9.2,9,five
45.2502_191104_63_12_c.CDF,0.353,OVOC,furan,C4H8O2,C,12_c,2019,October,"2-methyl-1,3-dioxolane",0.16,9.2,12,five
19.2396_191101_58_6_n.CDF,0.439,OVOC,ester,C5H8O2,N,6_n,2019,October,methyl methacrylate,0.16,9.2,6,five
16.2393_191101_55_3_hxn.CDF,0.466,HC,alkane,C7H14,HxN,3_hxn,2019,October,methyl cyclohexane,0.16,9.21,3,five
23.2403_191101_61_9_n.CDF,0.389,HC,alkane,C7H16,N,9_n,2019,October,3-methyl-hexane,0.16,9.21,9,five
14.2391_191101_53_1_c.CDF,0.466,HC,alkane,C7H14,C,1_c,2019,October,methyl cyclohexane,0.16,9.21,1,five
18.2395_191101_57_5_h.CDF,0.439,OVOC,ester,C5H8O2,H,5_h,2019,October,methyl methacrylate,0.16,9.21,5,five
18.2395_191101_57_5_h.CDF,0.44,OTHER,other,,H,5_h,2019,October,other,0.16,9.21,5,five
18.2395_191101_57_5_h.CDF,0.653,OVOC,furan,C5H4O2,H,5_h,2019,October,2-furaldehyde,0.16,9.21,5,five
16.2393_191101_55_3_hxn.CDF,0.781,HC,Bz,C8H10,HxN,3_hxn,2019,October,o-xylene,0.16,9.22,3,five
23.2403_191101_61_9_n.CDF,0.382,OVOC,furan,C5H8O,N,9_n,2019,October,2-ethylacrolein,0.17,9.22,9,five
23.2403_191101_61_9_n.CDF,0.773,HC,alkane,,N,9_n,2019,October,alkane,0.17,9.22,9,five
45.2502_191104_63_12_c.CDF,0.406,HC,alkane,C8H18,C,12_c,2019,October,"2,2,3,3-tetramethyl-butane",0.17,9.23,12,five
24.2404_191101_62_11_n.CDF,0.353,OVOC,furan,C4H8O2,N,11_n,2019,October,"2-methyl-1,3-dioxolane",0.17,9.23,11,five
17.2394_191101_56_4_hxn.CDF,0.406,HC,alkane,C8H18,HxN,4_hxn,2019,October,"2,2,3,3-tetramethyl-butane",0.17,9.23,4,five
20.2397_191101_59_7_hxn.CDF,0.439,OVOC,ester,C5H8O2,HxN,7_hxn,2019,October,methyl methacrylate,0.17,9.24,7,five
10.2386_191101_48_9_n.CDF,1.093,HC,alkane,C10H20,N,9_n,2019,August,alkane,0.17,9.24,9,five
45.2502_191104_63_12_c.CDF,0.773,HC,alkane,,C,12_c,2019,October,alkane,0.18,9.24,12,five
16.2393_191101_55_3_hxn.CDF,0.962,HC,Bz,C9H10,HxN,3_hxn,2019,October,a-methylstyrene,0.18,9.24,3,five
19.2396_191101_58_6_n.CDF,0.732,HC,Bz,C8H10,N,6_n,2019,October,p-xylene,0.18,9.25,6,five
45.2502_191104_63_12_c.CDF,1.604,OVOC,oBz,C8H6O4,C,12_c,2019,October,"1,2-benzenedicarboxylic acid",0.18,9.25,12,five
16.2393_191101_55_3_hxn.CDF,0.339,HC,alkane,C6H12,HxN,3_hxn,2019,October,methyl cyclopentane,0.18,9.26,3,five
10.2386_191101_48_9_n.CDF,0.439,OVOC,ester,C5H8O2,N,9_n,2019,August,methyl methacrylate,0.18,9.26,9,five
17.2394_191101_56_4_hxn.CDF,0.696,GLV,alcohol,C6H12O,HxN,4_hxn,2019,October,cis-3-hexen-1-ol,0.18,9.26,4,five
23.2403_191101_61_9_n.CDF,0.372,HC,alkane,C6H12,N,9_n,2019,October,cyclohexane,0.18,9.27,9,five
45.2502_191104_63_12_c.CDF,0.691,GLV,aldehyde,C6H10O,C,12_c,2019,October,trans-2-hexen-1-al,0.19,9.27,12,five
18.2395_191101_57_5_h.CDF,1.648,HC,alkane,C14H30,H,5_h,2019,October,tetradecane,0.19,9.28,5,five
25.2406_191101_64_19_c.CDF,0.988,HC,alkane,C10H22,C,19_c,2019,October,decane,0.19,9.28,19,five
45.2502_191104_63_12_c.CDF,0.653,OVOC,furan,C5H4O2,C,12_c,2019,October,2-furaldehyde,0.19,9.29,12,five
19.2396_191101_58_6_n.CDF,0.726,HC,alkane,C9H20,N,6_n,2019,October,4-methyl-octane,0.19,9.29,6,five
19.2396_191101_58_6_n.CDF,1.648,HC,alkane,C14H30,N,6_n,2019,October,tetradecane,0.19,9.29,6,five
25.2406_191101_64_19_c.CDF,0.471,HC,alkene,C8H16,C,19_c,2019,October,"3,4,4-trimethyl-2-pentene",0.2,9.29,19,five
19.2396_191101_58_6_n.CDF,0.63,HC,alkane,C9H20,N,6_n,2019,October,"2,4-dimethyl-heptane",0.2,9.3,6,five
24.2404_191101_62_11_n.CDF,1.844,oST,oST,C15H26O,N,11_n,2019,October,ost,0.2,9.3,11,five
19.2396_191101_58_6_n.CDF,0.94,OVOC,oBz,C6H6O,N,6_n,2019,October,phenol,0.21,9.31,6,five
14.2391_191101_53_1_c.CDF,0.492,OVOC,ketone,C6H12O,C,1_c,2019,October,methyl isobutyl ketone,0.21,9.32,1,five
17.2394_191101_56_4_hxn.CDF,0.587,HC,alkane,C8H18,HxN,4_hxn,2019,October,octane,0.21,9.33,4,five
18.2395_191101_57_5_h.CDF,2.281,OTHER,nitro,C10H15NO2S,H,5_h,2019,October,n-butyl-benzenesulfonamide,0.22,9.34,5,five
23.2403_191101_61_9_n.CDF,1.175,HC,alkane,C13H28,N,9_n,2019,October,alkane,0.22,9.34,9,five
16.2393_191101_55_3_hxn.CDF,2.281,OTHER,nitro,C10H15NO2S,HxN,3_hxn,2019,October,n-butyl-benzenesulfonamide,0.22,9.34,3,five
19.2396_191101_58_6_n.CDF,1.351,GLV,ester,C10H18O2,N,6_n,2019,October,cis-3-hexenyl butyrate,0.22,9.35,6,five
23.2403_191101_61_9_n.CDF,0.732,HC,Bz,C8H10,N,9_n,2019,October,p-xylene,0.22,9.35,9,five
16.2393_191101_55_3_hxn.CDF,0.732,HC,Bz,C8H10,HxN,3_hxn,2019,October,p-xylene,0.22,9.35,3,five
24.2404_191101_62_11_n.CDF,0.382,OVOC,furan,C5H8O,N,11_n,2019,October,2-ethylacrolein,0.23,9.36,11,five
19.2396_191101_58_6_n.CDF,1.196,oMT,oMT,C10H16O,N,6_n,2019,October,a-thujone,0.23,9.36,6,five
16.2393_191101_55_3_hxn.CDF,0.44,OTHER,other,C8H16,HxN,3_hxn,2019,October,"2,4,4-trimethyl-1-pentene",0.23,9.36,3,five
18.2395_191101_57_5_h.CDF,0.353,OVOC,furan,C4H8O2,H,5_h,2019,October,"2-methyl-1,3-dioxolane",0.23,9.36,5,five
47.2554_191108_60_8_h.CDF,0.228,ISO,isoprene,C5H8,H,8_h,2019,October,isoprene,0.23,9.36,8,five
19.2396_191101_58_6_n.CDF,0.228,ISO,isoprene,C5H8,N,6_n,2019,October,isoprene,0.23,9.37,6,five
20.2397_191101_59_7_hxn.CDF,0.406,HC,alkane,C8H18,HxN,7_hxn,2019,October,"2,2,3,3-tetramethyl-butane",0.23,9.37,7,five
45.2502_191104_63_12_c.CDF,0.297,OVOC,ketone,C4H6O,C,12_c,2019,October,methyl vinyl ketone,0.23,9.37,12,five
20.2397_191101_59_7_hxn.CDF,2.159,OVOC,oBz,C14H14O2,HxN,7_hxn,2019,October,"1,2-diphenoxyethane",0.24,9.37,7,five
45.2502_191104_63_12_c.CDF,0.283,HC,alkane,C5H10,C,12_c,2019,October,alkane,0.24,9.38,12,five
47.2554_191108_60_8_h.CDF,0.471,HC,alkene,C8H16,H,8_h,2019,October,"3,4,4-trimethyl-2-pentene",0.24,9.38,8,five
19.2396_191101_58_6_n.CDF,0.313,OVOC,furan,C5H6O,N,6_n,2019,October,2-methylfuran,0.24,9.38,6,five
17.2394_191101_56_4_hxn.CDF,0.691,GLV,aldehyde,C6H10O,HxN,4_hxn,2019,October,trans-2-hexen-1-al,0.24,9.38,4,five
18.2395_191101_57_5_h.CDF,2.159,OVOC,oBz,C14H14O2,H,5_h,2019,October,"1,2-diphenoxyethane",0.24,9.39,5,five
15.2392_191101_54_2_h.CDF,0.82,OTHER,other,,H,2_h,2019,October,other,0.25,9.39,2,five
24.2404_191101_62_11_n.CDF,0.535,HC,Bz,C7H8,N,11_n,2019,October,toluene,0.25,9.4,11,five
16.2393_191101_55_3_hxn.CDF,0.843,MT,MT,C10H16,HxN,3_hxn,2019,October,a-tricyclene,0.25,9.41,3,five
20.2397_191101_59_7_hxn.CDF,1.388,OVOC,aldehyde,C10H20O,HxN,7_hxn,2019,October,decanal,0.25,9.41,7,five
15.2392_191101_54_2_h.CDF,0.466,HC,alkane,C7H14,H,2_h,2019,October,methyl cyclohexane,0.25,9.41,2,five
18.2395_191101_57_5_h.CDF,0.94,OVOC,oBz,C6H6O,H,5_h,2019,October,phenol,0.26,9.41,5,five
20.2397_191101_59_7_hxn.CDF,1.266,OVOC,oBz,C7H6O2,HxN,7_hxn,2019,October,benzoic acid,0.26,9.42,7,five
24.2404_191101_62_11_n.CDF,0.471,HC,alkene,C8H16,N,11_n,2019,October,"3,4,4-trimethyl-2-pentene",0.27,9.42,11,five
19.2396_191101_58_6_n.CDF,0.389,HC,alkane,C7H16,N,6_n,2019,October,3-methyl-hexane,0.27,9.43,6,five
47.2554_191108_60_8_h.CDF,0.268,OVOC,ovoc,C4H6O,H,8_h,2019,October,vinyl ether,0.27,9.43,8,five
24.2404_191101_62_11_n.CDF,0.377,HC,Bz,C6H6,N,11_n,2019,October,benzene,0.28,9.45,11,five
45.2502_191104_63_12_c.CDF,0.42,OVOC,aldehyde,C5H10O,C,12_c,2019,October,pentanal,0.28,9.45,12,five
17.2394_191101_56_4_hxn.CDF,0.389,HC,alkane,C7H16,HxN,4_hxn,2019,October,3-methyl-hexane,0.28,9.45,4,five
25.2406_191101_64_19_c.CDF,0.421,HC,alkane,C7H16,C,19_c,2019,October,heptane,0.29,9.46,19,five
25.2406_191101_64_19_c.CDF,0.306,HC,alkane,C6H14,C,19_c,2019,October,hexane,0.29,9.46,19,five
24.2404_191101_62_11_n.CDF,0.389,HC,alkane,C7H16,N,11_n,2019,October,3-methyl-hexane,0.29,9.46,11,five
19.2396_191101_58_6_n.CDF,1.087,MT,MT,C10H16,N,6_n,2019,October,ocimene,0.29,9.46,6,five
19.2396_191101_58_6_n.CDF,0.988,HC,alkane,C10H22,N,6_n,2019,October,decane,0.29,9.47,6,five
20.2397_191101_59_7_hxn.CDF,1.198,OVOC,aldehyde,C9H18O,HxN,7_hxn,2019,October,nonanal,0.29,9.47,7,five
16.2393_191101_55_3_hxn.CDF,1.05,MT,MT,C10H14,HxN,3_hxn,2019,October,p-cymene,0.29,9.47,3,five
17.2394_191101_56_4_hxn.CDF,0.305,OVOC,ketone,C4H6O,HxN,4_hxn,2019,October,2-butanone,0.3,9.47,4,five
20.2397_191101_59_7_hxn.CDF,0.571,HC,alkene,C8H16,HxN,7_hxn,2019,October,1-octene,0.3,9.47,7,five
45.2502_191104_63_12_c.CDF,1.186,HC,alkane,C11H24,C,12_c,2019,October,undecane,0.3,9.47,12,five
18.2395_191101_57_5_h.CDF,1.604,OVOC,oBz,C8H6O4,H,5_h,2019,October,"1,2-benzenedicarboxylic acid",0.3,9.47,5,five
45.2502_191104_63_12_c.CDF,0.988,HC,alkane,C10H22,C,12_c,2019,October,decane,0.3,9.47,12,five
15.2392_191101_54_2_h.CDF,0.967,OTHER,nitro,C7H5N,H,2_h,2019,October,benzonitrile,0.3,9.48,2,five
47.2554_191108_60_8_h.CDF,0.353,OVOC,furan,C4H8O2,H,8_h,2019,October,"2-methyl-1,3-dioxolane",0.3,9.48,8,five
20.2397_191101_59_7_hxn.CDF,0.389,HC,alkane,C7H16,HxN,7_hxn,2019,October,3-methyl-hexane,0.3,9.48,7,five
24.2404_191101_62_11_n.CDF,0.988,HC,alkane,C10H22,N,11_n,2019,October,decane,0.3,9.48,11,five
18.2395_191101_57_5_h.CDF,0.315,OTHER,halogen,C6H3F3,H,5_h,2019,October,"1,2,4-trifluorobenzene",0.31,9.49,5,five
47.2554_191108_60_8_h.CDF,0.781,HC,Bz,C8H10,H,8_h,2019,October,o-xylene,0.31,9.49,8,five
25.2406_191101_64_19_c.CDF,0.268,OVOC,ovoc,C4H6O,C,19_c,2019,October,vinyl ether,0.31,9.49,19,five
19.2396_191101_58_6_n.CDF,0.653,OVOC,furan,C5H4O2,N,6_n,2019,October,2-furaldehyde,0.31,9.49,6,five
15.2392_191101_54_2_h.CDF,0.44,OTHER,other,C8H16,H,2_h,2019,October,"2,4,4-trimethyl-1-pentene",0.31,9.5,2,five
20.2397_191101_59_7_hxn.CDF,0.283,HC,alkane,C5H10,HxN,7_hxn,2019,October,alkane,0.32,9.5,7,five
14.2391_191101_53_1_c.CDF,1.604,OVOC,oBz,C8H6O4,C,1_c,2019,October,"1,2-benzenedicarboxylic acid",0.32,9.5,1,five
23.2403_191101_61_9_n.CDF,0.404,OVOC,ketone,C5H10O,N,9_n,2019,October,2-pentanone,0.32,9.5,9,five
16.2393_191101_55_3_hxn.CDF,0.967,OTHER,nitro,C7H5N,HxN,3_hxn,2019,October,benzonitrile,0.32,9.51,3,five
17.2394_191101_56_4_hxn.CDF,0.283,HC,alkane,C5H10,HxN,4_hxn,2019,October,alkane,0.32,9.51,4,five
17.2394_191101_56_4_hxn.CDF,1.067,oMT,oMT,C10H18O,HxN,4_hxn,2019,October,eucalyptol,0.32,9.51,4,five
17.2394_191101_56_4_hxn.CDF,0.382,OVOC,furan,C5H8O,HxN,4_hxn,2019,October,2-ethylacrolein,0.32,9.51,4,five
47.2554_191108_60_8_h.CDF,0.406,HC,alkane,C8H18,H,8_h,2019,October,"2,2,3,3-tetramethyl-butane",0.33,9.51,8,five
18.2395_191101_57_5_h.CDF,1.186,HC,alkane,C11H24,H,5_h,2019,October,undecane,0.33,9.52,5,five
14.2391_191101_53_1_c.CDF,0.82,OTHER,other,,C,1_c,2019,October,other,0.33,9.52,1,five
47.2554_191108_60_8_h.CDF,0.44,OTHER,other,,H,8_h,2019,October,other,0.33,9.52,8,five
16.2393_191101_55_3_hxn.CDF,0.82,OTHER,other,,HxN,3_hxn,2019,October,other,0.33,9.52,3,five
10.2386_191101_48_9_n.CDF,0.567,HC,alkane,C8H16,N,9_n,2019,August,3-methylene-heptane,0.34,9.53,9,five
19.2396_191101_58_6_n.CDF,0.268,OVOC,ovoc,C4H6O,N,6_n,2019,October,vinyl ether,0.34,9.53,6,five
19.2396_191101_58_6_n.CDF,1.27,oMT,oMT,C10H16O,N,6_n,2019,October,(+)-camphor,0.34,9.53,6,five
18.2395_191101_57_5_h.CDF,1.133,OVOC,oBz,C8H8O,H,5_h,2019,October,acetophenone,0.34,9.53,5,five
19.2396_191101_58_6_n.CDF,0.551,OVOC,ovoc,,N,6_n,2019,October,ovoc,0.34,9.54,6,five
45.2502_191104_63_12_c.CDF,0.781,HC,Bz,C8H10,C,12_c,2019,October,o-xylene,0.35,9.55,12,five
19.2396_191101_58_6_n.CDF,1.986,oST,oST,C15H26O,N,6_n,2019,October,nerolidol,0.36,9.56,6,five
16.2393_191101_55_3_hxn.CDF,0.94,OVOC,oBz,C6H6O,HxN,3_hxn,2019,October,phenol,0.37,9.57,3,five
20.2397_191101_59_7_hxn.CDF,0.967,OTHER,nitro,C7H5N,HxN,7_hxn,2019,October,benzonitrile,0.37,9.57,7,five
16.2393_191101_55_3_hxn.CDF,0.818,HC,alkane,C9H18,HxN,3_hxn,2019,October,alkane,0.37,9.57,3,five
14.2391_191101_53_1_c.CDF,0.988,HC,alkane,C10H22,C,1_c,2019,October,decane,0.37,9.57,1,five
25.2406_191101_64_19_c.CDF,0.283,HC,alkane,C5H10,C,19_c,2019,October,alkane,0.37,9.57,19,five
14.2391_191101_53_1_c.CDF,0.353,OVOC,furan,C4H8O2,C,1_c,2019,October,"2-methyl-1,3-dioxolane",0.37,9.57,1,five
10.2386_191101_48_9_n.CDF,0.962,OVOC,ketone,C8H14O,N,9_n,2019,August,6-methyl-5-hepten-2-one,0.38,9.58,9,five
25.2406_191101_64_19_c.CDF,1.093,HC,alkane,C10H20,C,19_c,2019,October,alkane,0.38,9.58,19,five
19.2396_191101_58_6_n.CDF,2.281,OTHER,nitro,C10H15NO2S,N,6_n,2019,October,n-butyl-benzenesulfonamide,0.39,9.59,6,five
17.2394_191101_56_4_hxn.CDF,1.186,HC,alkane,C11H24,HxN,4_hxn,2019,October,undecane,0.39,9.59,4,five
19.2396_191101_58_6_n.CDF,0.944,OVOC,alcohol,C8H16O,N,6_n,2019,October,1-octen-3-ol,0.39,9.59,6,five
19.2396_191101_58_6_n.CDF,0.766,HC,alkene,C9H18,N,6_n,2019,October,1-nonene,0.39,9.59,6,five
23.2403_191101_61_9_n.CDF,0.471,HC,alkene,C8H16,N,9_n,2019,October,"3,4,4-trimethyl-2-pentene",0.39,9.6,9,five
17.2394_191101_56_4_hxn.CDF,1.648,HC,alkane,C14H30,HxN,4_hxn,2019,October,tetradecane,0.4,9.6,4,five
47.2554_191108_60_8_h.CDF,0.421,HC,alkane,C7H16,H,8_h,2019,October,heptane,0.4,9.61,8,five
10.2386_191101_48_9_n.CDF,0.587,HC,alkane,C8H18,N,9_n,2019,August,octane,0.41,9.61,9,five
14.2391_191101_53_1_c.CDF,0.818,HC,alkane,C9H18,C,1_c,2019,October,alkane,0.41,9.61,1,five
25.2406_191101_64_19_c.CDF,0.305,OVOC,ketone,C4H6O,C,19_c,2019,October,2-butanone,0.41,9.62,19,five
25.2406_191101_64_19_c.CDF,0.44,OTHER,other,,C,19_c,2019,October,other,0.42,9.62,19,five
25.2406_191101_64_19_c.CDF,2.36,HC,alkane,,C,19_c,2019,October,alkane,0.43,9.63,19,five
19.2396_191101_58_6_n.CDF,0.796,HC,alkane,C9H20,N,6_n,2019,October,nonane,0.43,9.63,6,five
24.2404_191101_62_11_n.CDF,0.967,OTHER,nitro,C7H5N,N,11_n,2019,October,benzonitrile,0.44,9.65,11,five
16.2393_191101_55_3_hxn.CDF,0.831,HC,alkane,C10H22,HxN,3_hxn,2019,October,"3,4,5-trimethyl-heptane",0.45,9.65,3,five
45.2502_191104_63_12_c.CDF,0.306,HC,alkane,C6H14,C,12_c,2019,October,hexane,0.45,9.65,12,five
23.2403_191101_61_9_n.CDF,0.995,OVOC,aldehyde,C8H16O,N,9_n,2019,October,octanal,0.45,9.65,9,five
19.2396_191101_58_6_n.CDF,0.571,HC,alkene,C8H16,N,6_n,2019,October,1-octene,0.47,9.67,6,five
19.2396_191101_58_6_n.CDF,0.535,HC,Bz,C7H8,N,6_n,2019,October,toluene,0.47,9.67,6,five
19.2396_191101_58_6_n.CDF,0.962,HC,Bz,C9H10,N,6_n,2019,October,a-methylstyrene,0.47,9.67,6,five
47.2554_191108_60_8_h.CDF,0.715,HC,Bz,C8H10,H,8_h,2019,October,ethylbenzene,0.47,9.67,8,five
14.2391_191101_53_1_c.CDF,0.831,HC,alkane,C10H22,C,1_c,2019,October,"3,4,5-trimethyl-heptane",0.47,9.67,1,five
19.2396_191101_58_6_n.CDF,0.406,HC,alkane,C8H18,N,6_n,2019,October,"2,2,3,3-tetramethyl-butane",0.47,9.67,6,five
17.2394_191101_56_4_hxn.CDF,2.281,OTHER,nitro,C10H15NO2S,HxN,4_hxn,2019,October,n-butyl-benzenesulfonamide,0.47,9.68,4,five
25.2406_191101_64_19_c.CDF,0.404,OVOC,ketone,C5H10O,C,19_c,2019,October,2-pentanone,0.48,9.68,19,five
25.2406_191101_64_19_c.CDF,0.732,HC,Bz,C8H10,C,19_c,2019,October,p-xylene,0.48,9.68,19,five
25.2406_191101_64_19_c.CDF,0.535,HC,Bz,C7H8,C,19_c,2019,October,toluene,0.48,9.68,19,five
17.2394_191101_56_4_hxn.CDF,0.315,OTHER,halogen,C6H3F3,HxN,4_hxn,2019,October,"1,2,4-trifluorobenzene",0.48,9.68,4,five
47.2554_191108_60_8_h.CDF,0.283,HC,alkane,C5H10,H,8_h,2019,October,alkane,0.49,9.69,8,five
47.2554_191108_60_8_h.CDF,0.988,HC,alkane,C10H22,H,8_h,2019,October,decane,0.5,9.7,8,five
19.2396_191101_58_6_n.CDF,1.067,oMT,oMT,C10H18O,N,6_n,2019,October,eucalyptol,0.51,9.71,6,five
17.2394_191101_56_4_hxn.CDF,1.388,OVOC,aldehyde,C10H20O,HxN,4_hxn,2019,October,decanal,0.51,9.71,4,five
14.2391_191101_53_1_c.CDF,0.775,HC,Bz,C8H8,C,1_c,2019,October,styrene,0.51,9.71,1,five
17.2394_191101_56_4_hxn.CDF,0.571,HC,alkene,C8H16,HxN,4_hxn,2019,October,1-octene,0.51,9.71,4,five
16.2393_191101_55_3_hxn.CDF,0.306,HC,alkane,C6H14,HxN,3_hxn,2019,October,hexane,0.52,9.71,3,five
25.2406_191101_64_19_c.CDF,0.967,OTHER,nitro,C7H5N,C,19_c,2019,October,benzonitrile,0.52,9.71,19,five
16.2393_191101_55_3_hxn.CDF,0.775,HC,Bz,C8H8,HxN,3_hxn,2019,October,styrene,0.53,9.72,3,five
45.2502_191104_63_12_c.CDF,0.715,HC,Bz,C8H10,C,12_c,2019,October,ethylbenzene,0.53,9.73,12,five
23.2403_191101_61_9_n.CDF,1.388,OVOC,aldehyde,C10H20O,N,9_n,2019,October,decanal,0.53,9.73,9,five
14.2391_191101_53_1_c.CDF,0.63,HC,alkane,C9H20,C,1_c,2019,October,"2,4-dimethyl-heptane",0.53,9.73,1,five
20.2397_191101_59_7_hxn.CDF,0.377,HC,Bz,C6H6,HxN,7_hxn,2019,October,benzene,0.53,9.73,7,five
15.2392_191101_54_2_h.CDF,0.919,OVOC,oBz,C7H6O,H,2_h,2019,October,benzaldehyde,0.55,9.74,2,five
25.2406_191101_64_19_c.CDF,0.389,HC,alkane,C7H16,C,19_c,2019,October,3-methyl-hexane,0.55,9.74,19,five
45.2502_191104_63_12_c.CDF,1.374,HC,alkane,C12H26,C,12_c,2019,October,dodecane,0.55,9.74,12,five
17.2394_191101_56_4_hxn.CDF,0.377,HC,Bz,C6H6,HxN,4_hxn,2019,October,benzene,0.55,9.74,4,five
16.2393_191101_55_3_hxn.CDF,0.353,OVOC,furan,C4H8O2,HxN,3_hxn,2019,October,"2-methyl-1,3-dioxolane",0.55,9.74,3,five
20.2397_191101_59_7_hxn.CDF,1.604,OVOC,oBz,C8H6O4,HxN,7_hxn,2019,October,"1,2-benzenedicarboxylic acid",0.56,9.75,7,five
47.2554_191108_60_8_h.CDF,0.389,HC,alkane,C7H16,H,8_h,2019,October,3-methyl-hexane,0.56,9.75,8,five
19.2396_191101_58_6_n.CDF,1.304,oMT,oMT,C10H18O,N,6_n,2019,October,(+)-borneol,0.56,9.75,6,five
45.2502_191104_63_12_c.CDF,1.175,HC,alkane,C13H28,C,12_c,2019,October,alkane,0.56,9.75,12,five
15.2392_191101_54_2_h.CDF,0.818,HC,alkane,C9H18,H,2_h,2019,October,alkane,0.57,9.76,2,five
15.2392_191101_54_2_h.CDF,1.812,OVOC,oBz,C14H22O,H,2_h,2019,October,"2,4-di-tert-butylphenol",0.57,9.76,2,five
23.2403_191101_61_9_n.CDF,0.377,HC,Bz,C6H6,N,9_n,2019,October,benzene,0.57,9.76,9,five
24.2404_191101_62_11_n.CDF,2.159,OVOC,oBz,C14H14O2,N,11_n,2019,October,"1,2-diphenoxyethane",0.58,9.76,11,five
19.2396_191101_58_6_n.CDF,1.093,HC,alkane,C10H20,N,6_n,2019,October,alkane,0.58,9.76,6,five
23.2403_191101_61_9_n.CDF,0.439,OVOC,ester,C5H8O2,N,9_n,2019,October,methyl methacrylate,0.59,9.77,9,five
14.2391_191101_53_1_c.CDF,0.726,HC,alkane,C9H20,C,1_c,2019,October,4-methyl-octane,0.59,9.77,1,five
25.2406_191101_64_19_c.CDF,1.175,HC,alkane,C13H28,C,19_c,2019,October,alkane,0.59,9.77,19,five
15.2392_191101_54_2_h.CDF,0.775,HC,Bz,C8H8,H,2_h,2019,October,styrene,0.6,9.78,2,five
15.2392_191101_54_2_h.CDF,1.604,OVOC,oBz,C8H6O4,H,2_h,2019,October,"1,2-benzenedicarboxylic acid",0.62,9.79,2,five
14.2391_191101_53_1_c.CDF,0.911,HC,alkane,,C,1_c,2019,October,alkane,0.64,9.8,1,five
19.2396_191101_58_6_n.CDF,0.471,HC,alkene,C8H16,N,6_n,2019,October,"3,4,4-trimethyl-2-pentene",0.65,9.81,6,five
47.2554_191108_60_8_h.CDF,0.306,HC,alkane,C6H14,H,8_h,2019,October,hexane,0.65,9.81,8,five
47.2554_191108_60_8_h.CDF,0.372,HC,alkane,C6H12,H,8_h,2019,October,cyclohexane,0.65,9.81,8,five
45.2502_191104_63_12_c.CDF,1.198,OVOC,aldehyde,C9H18O,C,12_c,2019,October,nonanal,0.66,9.82,12,five
15.2392_191101_54_2_h.CDF,0.879,HC,alkane,C10H22,H,2_h,2019,October,3-ethyl-2-methyl-heptane,0.67,9.82,2,five
15.2392_191101_54_2_h.CDF,0.845,OTHER,other,,H,2_h,2019,October,other,0.68,9.83,2,five
19.2396_191101_58_6_n.CDF,0.306,HC,alkane,C6H14,N,6_n,2019,October,hexane,0.69,9.84,6,five
19.2396_191101_58_6_n.CDF,1.19,oMT,oMT,C10H18O,N,6_n,2019,October,linalool,0.7,9.85,6,five
24.2404_191101_62_11_n.CDF,2.36,HC,alkane,,N,11_n,2019,October,alkane,0.71,9.85,11,five
14.2391_191101_53_1_c.CDF,0.536,HC,alkane,C8H18,C,1_c,2019,October,2-methyl-heptane,0.71,9.85,1,five
17.2394_191101_56_4_hxn.CDF,0.766,HC,alkene,C9H18,HxN,4_hxn,2019,October,1-nonene,0.71,9.85,4,five
14.2391_191101_53_1_c.CDF,0.918,HC,alkane,C10H20,C,1_c,2019,October,alkane,0.71,9.85,1,five
19.2396_191101_58_6_n.CDF,0.587,HC,alkane,C8H18,N,6_n,2019,October,octane,0.72,9.86,6,five
19.2396_191101_58_6_n.CDF,1.133,OVOC,oBz,C8H8O,N,6_n,2019,October,acetophenone,0.72,9.86,6,five
18.2395_191101_57_5_h.CDF,0.372,HC,alkane,C6H12,H,5_h,2019,October,cyclohexane,0.73,9.86,5,five
24.2404_191101_62_11_n.CDF,0.372,HC,alkane,C6H12,N,11_n,2019,October,cyclohexane,0.73,9.86,11,five
15.2392_191101_54_2_h.CDF,0.918,HC,alkane,C10H20,H,2_h,2019,October,alkane,0.73,9.86,2,five
16.2393_191101_55_3_hxn.CDF,0.536,HC,alkane,C8H18,HxN,3_hxn,2019,October,2-methyl-heptane,0.73,9.87,3,five
15.2392_191101_54_2_h.CDF,0.353,OVOC,furan,C4H8O2,H,2_h,2019,October,"2-methyl-1,3-dioxolane",0.74,9.87,2,five
19.2396_191101_58_6_n.CDF,0.773,HC,alkane,,N,6_n,2019,October,alkane,0.74,9.87,6,five
45.2502_191104_63_12_c.CDF,0.535,HC,Bz,C7H8,C,12_c,2019,October,toluene,0.76,9.88,12,five
14.2391_191101_53_1_c.CDF,0.708,HC,alkene,C9H18,C,1_c,2019,October,"1,2,4-trimethyl-cyclohexane",0.76,9.88,1,five
24.2404_191101_62_11_n.CDF,0.44,OTHER,other,,N,11_n,2019,October,other,0.76,9.88,11,five
25.2406_191101_64_19_c.CDF,0.377,HC,Bz,C6H6,C,19_c,2019,October,benzene,0.77,9.88,19,five
16.2393_191101_55_3_hxn.CDF,0.918,HC,alkane,C10H20,HxN,3_hxn,2019,October,alkane,0.77,9.89,3,five
18.2395_191101_57_5_h.CDF,1.552,HC,alkane,C13H28,H,5_h,2019,October,tridecane,0.77,9.89,5,five
19.2396_191101_58_6_n.CDF,0.765,OVOC,ketone,C7H14O,N,6_n,2019,October,2-heptanone,0.78,9.89,6,five
18.2395_191101_57_5_h.CDF,1.374,HC,alkane,C12H26,H,5_h,2019,October,dodecane,0.79,9.9,5,five
19.2396_191101_58_6_n.CDF,0.404,OVOC,ketone,C5H10O,N,6_n,2019,October,2-pentanone,0.8,9.9,6,five
15.2392_191101_54_2_h.CDF,1.266,OVOC,oBz,C7H6O2,H,2_h,2019,October,benzoic acid,0.81,9.91,2,five
16.2393_191101_55_3_hxn.CDF,0.708,HC,alkene,C9H18,HxN,3_hxn,2019,October,"1,2,4-trimethyl-cyclohexane",0.81,9.91,3,five
47.2554_191108_60_8_h.CDF,1.186,HC,alkane,C11H24,H,8_h,2019,October,undecane,0.83,9.92,8,five
17.2394_191101_56_4_hxn.CDF,0.471,HC,alkene,C8H16,HxN,4_hxn,2019,October,"3,4,4-trimethyl-2-pentene",0.83,9.92,4,five
17.2394_191101_56_4_hxn.CDF,0.372,HC,alkane,C6H12,HxN,4_hxn,2019,October,cyclohexane,0.84,9.92,4,five
14.2391_191101_53_1_c.CDF,0.728,HC,alkane,C9H20,C,1_c,2019,October,2-methyl-octane,0.85,9.93,1,five
15.2392_191101_54_2_h.CDF,0.63,HC,alkane,C9H20,H,2_h,2019,October,"2,4-dimethyl-heptane",0.85,9.93,2,five
16.2393_191101_55_3_hxn.CDF,1.604,OVOC,oBz,C8H6O4,HxN,3_hxn,2019,October,"1,2-benzenedicarboxylic acid",0.85,9.93,3,five
16.2393_191101_55_3_hxn.CDF,0.845,OTHER,other,,HxN,3_hxn,2019,October,other,0.86,9.94,3,five
15.2392_191101_54_2_h.CDF,0.536,HC,alkane,C8H18,H,2_h,2019,October,2-methyl-heptane,0.86,9.94,2,five
24.2404_191101_62_11_n.CDF,0.919,OVOC,oBz,C7H6O,N,11_n,2019,October,benzaldehyde,0.88,9.95,11,five
14.2391_191101_53_1_c.CDF,0.845,OTHER,other,,C,1_c,2019,October,other,0.9,9.95,1,five
14.2391_191101_53_1_c.CDF,0.657,HC,alkane,,C,1_c,2019,October,alkane,0.9,9.95,1,five
16.2393_191101_55_3_hxn.CDF,0.9,MT,MT,C10H16,HxN,3_hxn,2019,October,camphene,0.9,9.95,3,five
19.2396_191101_58_6_n.CDF,0.283,HC,alkane,C5H10,N,6_n,2019,October,alkane,0.9,9.95,6,five
16.2393_191101_55_3_hxn.CDF,0.728,HC,alkane,C9H20,HxN,3_hxn,2019,October,2-methyl-octane,0.9,9.96,3,five
14.2391_191101_53_1_c.CDF,2.159,OVOC,oBz,C14H14O2,C,1_c,2019,October,"1,2-diphenoxyethane",0.9,9.96,1,five
10.2386_191101_48_9_n.CDF,0.587,GLV,aldehyde,C6H12O,N,9_n,2019,August,hexanal,0.91,9.96,9,five
15.2392_191101_54_2_h.CDF,0.726,HC,alkane,C9H20,H,2_h,2019,October,4-methyl-octane,0.92,9.96,2,five
16.2393_191101_55_3_hxn.CDF,0.657,HC,alkane,,HxN,3_hxn,2019,October,alkane,0.93,9.97,3,five
15.2392_191101_54_2_h.CDF,0.708,HC,alkene,C9H18,H,2_h,2019,October,"1,2,4-trimethyl-cyclohexane",0.95,9.98,2,five
15.2392_191101_54_2_h.CDF,0.728,HC,alkane,C9H20,H,2_h,2019,October,2-methyl-octane,0.96,9.98,2,five
19.2396_191101_58_6_n.CDF,0.421,HC,alkane,C7H16,N,6_n,2019,October,heptane,0.97,9.99,6,five
45.2502_191104_63_12_c.CDF,0.801,GLV,aldehyde,C7H14O,C,12_c,2019,October,heptanal,0.99,10,12,five
16.2393_191101_55_3_hxn.CDF,0.919,OVOC,oBz,C7H6O,HxN,3_hxn,2019,October,benzaldehyde,0.99,10,3,five
10.2386_191101_48_9_n.CDF,1.198,OVOC,aldehyde,C9H18O,N,9_n,2019,August,nonanal,1,10,9,five
17.2394_191101_56_4_hxn.CDF,1.374,HC,alkane,C12H26,HxN,4_hxn,2019,October,dodecane,1.01,10,4,five
23.2403_191101_61_9_n.CDF,0.44,OTHER,other,,N,9_n,2019,October,other,1.01,10,9,five
19.2396_191101_58_6_n.CDF,0.696,GLV,alcohol,C6H12O,N,6_n,2019,October,cis-3-hexen-1-ol,1.01,10.01,6,five
18.2395_191101_57_5_h.CDF,0.967,OTHER,nitro,C7H5N,H,5_h,2019,October,benzonitrile,1.06,10.02,5,five
15.2392_191101_54_2_h.CDF,0.657,HC,alkane,,H,2_h,2019,October,alkane,1.06,10.02,2,five
25.2406_191101_64_19_c.CDF,1.374,HC,alkane,C12H26,C,19_c,2019,October,dodecane,1.06,10.03,19,five
14.2391_191101_53_1_c.CDF,0.879,HC,alkane,C10H22,C,1_c,2019,October,3-ethyl-2-methyl-heptane,1.07,10.03,1,five
14.2391_191101_53_1_c.CDF,0.68,HC,alkene,C9H18,C,1_c,2019,October,"1,1,3-trimethyl-cyclohexane",1.07,10.03,1,five
16.2393_191101_55_3_hxn.CDF,0.68,HC,alkene,C9H18,HxN,3_hxn,2019,October,"1,1,3-trimethyl-cyclohexane",1.08,10.03,3,five
19.2396_191101_58_6_n.CDF,0.905,OVOC,ovoc,,N,6_n,2019,October,ovoc,1.08,10.03,6,five
19.2396_191101_58_6_n.CDF,0.305,OVOC,ketone,C4H6O,N,6_n,2019,October,2-butanone,1.08,10.03,6,five
20.2397_191101_59_7_hxn.CDF,0.372,HC,alkane,C6H12,HxN,7_hxn,2019,October,cyclohexane,1.1,10.04,7,five
19.2396_191101_58_6_n.CDF,0.372,HC,alkane,C6H12,N,6_n,2019,October,cyclohexane,1.1,10.04,6,five
19.2396_191101_58_6_n.CDF,0.377,HC,Bz,C6H6,N,6_n,2019,October,benzene,1.12,10.05,6,five
20.2397_191101_59_7_hxn.CDF,1.986,oST,oST,C15H26O,HxN,7_hxn,2019,October,nerolidol,1.14,10.06,7,five
16.2393_191101_55_3_hxn.CDF,0.879,HC,alkane,C10H22,HxN,3_hxn,2019,October,3-ethyl-2-methyl-heptane,1.14,10.06,3,five
25.2406_191101_64_19_c.CDF,1.552,HC,alkane,C13H28,C,19_c,2019,October,tridecane,1.14,10.06,19,five
16.2393_191101_55_3_hxn.CDF,1.266,OVOC,oBz,C7H6O2,HxN,3_hxn,2019,October,benzoic acid,1.14,10.06,3,five
25.2406_191101_64_19_c.CDF,1.186,HC,alkane,C11H24,C,19_c,2019,October,undecane,1.18,10.07,19,five
19.2396_191101_58_6_n.CDF,1.374,HC,alkane,C12H26,N,6_n,2019,October,dodecane,1.24,10.09,6,five
10.2386_191101_48_9_n.CDF,1.986,oST,oST,C15H26O,N,9_n,2019,August,nerolidol,1.24,10.1,9,five
15.2392_191101_54_2_h.CDF,0.68,HC,alkene,C9H18,H,2_h,2019,October,"1,1,3-trimethyl-cyclohexane",1.26,10.1,2,five
15.2392_191101_54_2_h.CDF,0.863,OTHER,other,,H,2_h,2019,October,other,1.26,10.1,2,five
14.2391_191101_53_1_c.CDF,0.773,HC,alkane,,C,1_c,2019,October,alkane,1.27,10.1,1,five
16.2393_191101_55_3_hxn.CDF,0.773,HC,alkane,,HxN,3_hxn,2019,October,alkane,1.29,10.11,3,five
47.2554_191108_60_8_h.CDF,1.552,HC,alkane,C13H28,H,8_h,2019,October,tridecane,1.31,10.12,8,five
45.2502_191104_63_12_c.CDF,1.648,HC,alkane,C14H30,C,12_c,2019,October,tetradecane,1.31,10.12,12,five
19.2396_191101_58_6_n.CDF,0.691,GLV,aldehyde,C6H10O,N,6_n,2019,October,trans-2-hexen-1-al,1.33,10.12,6,five
16.2393_191101_55_3_hxn.CDF,2.159,OVOC,oBz,C14H14O2,HxN,3_hxn,2019,October,"1,2-diphenoxyethane",1.34,10.13,3,five
45.2502_191104_63_12_c.CDF,0.732,HC,Bz,C8H10,C,12_c,2019,October,p-xylene,1.36,10.13,12,five
10.2386_191101_48_9_n.CDF,0.382,OVOC,furan,C5H8O,N,9_n,2019,August,2-ethylacrolein,1.38,10.14,9,five
45.2502_191104_63_12_c.CDF,0.587,GLV,aldehyde,C6H12O,C,12_c,2019,October,hexanal,1.39,10.14,12,five
16.2393_191101_55_3_hxn.CDF,0.863,OTHER,other,,HxN,3_hxn,2019,October,other,1.4,10.15,3,five
47.2554_191108_60_8_h.CDF,1.374,HC,alkane,C12H26,H,8_h,2019,October,dodecane,1.42,10.15,8,five
16.2393_191101_55_3_hxn.CDF,0.779,HC,alkene,C9H18,HxN,3_hxn,2019,October,1-ethyl-4-methylcyclohexane,1.43,10.15,3,five
47.2554_191108_60_8_h.CDF,0.439,OVOC,ester,C5H8O2,H,8_h,2019,October,methyl methacrylate,1.43,10.16,8,five
14.2391_191101_53_1_c.CDF,0.779,HC,alkene,C9H18,C,1_c,2019,October,1-ethyl-4-methylcyclohexane,1.44,10.16,1,five
19.2396_191101_58_6_n.CDF,2.36,HC,alkane,,N,6_n,2019,October,alkane,1.44,10.16,6,five
19.2396_191101_58_6_n.CDF,0.919,OVOC,oBz,C7H6O,N,6_n,2019,October,benzaldehyde,1.46,10.16,6,five
15.2392_191101_54_2_h.CDF,0.773,HC,alkane,,H,2_h,2019,October,alkane,1.46,10.17,2,five
19.2396_191101_58_6_n.CDF,1.139,OVOC,oBz,C8H8O,N,6_n,2019,October,4-methyl-benzaldehyde,1.47,10.17,6,five
19.2396_191101_58_6_n.CDF,1.552,HC,alkane,C13H28,N,6_n,2019,October,tridecane,1.48,10.17,6,five
16.2393_191101_55_3_hxn.CDF,0.726,HC,alkane,C9H20,HxN,3_hxn,2019,October,4-methyl-octane,1.48,10.17,3,five
14.2391_191101_53_1_c.CDF,0.863,OTHER,other,,C,1_c,2019,October,other,1.52,10.18,1,five
17.2394_191101_56_4_hxn.CDF,2.159,OVOC,oBz,C14H14O2,HxN,4_hxn,2019,October,"1,2-diphenoxyethane",1.53,10.18,4,five
45.2502_191104_63_12_c.CDF,0.382,OVOC,furan,C5H8O,C,12_c,2019,October,2-ethylacrolein,1.53,10.19,12,five
19.2396_191101_58_6_n.CDF,0.297,OVOC,ketone,C4H6O,N,6_n,2019,October,methyl vinyl ketone,1.54,10.19,6,five
16.2393_191101_55_3_hxn.CDF,0.63,HC,alkane,C9H20,HxN,3_hxn,2019,October,"2,4-dimethyl-heptane",1.55,10.19,3,five
47.2554_191108_60_8_h.CDF,0.732,HC,Bz,C8H10,H,8_h,2019,October,p-xylene,1.56,10.19,8,five
14.2391_191101_53_1_c.CDF,0.67,HC,alkane,C9H20,C,1_c,2019,October,"2,5-dimethyl-heptane",1.59,10.2,1,five
19.2396_191101_58_6_n.CDF,1.186,HC,alkane,C11H24,N,6_n,2019,October,undecane,1.61,10.21,6,five
16.2393_191101_55_3_hxn.CDF,0.67,HC,alkane,C9H20,HxN,3_hxn,2019,October,"2,5-dimethyl-heptane",1.61,10.21,3,five
47.2554_191108_60_8_h.CDF,0.535,HC,Bz,C7H8,H,8_h,2019,October,toluene,1.63,10.21,8,five
24.2404_191101_62_11_n.CDF,1.186,HC,alkane,C11H24,N,11_n,2019,October,undecane,1.64,10.21,11,five
45.2502_191104_63_12_c.CDF,0.439,OVOC,ester,C5H8O2,C,12_c,2019,October,methyl methacrylate,1.66,10.22,12,five
15.2392_191101_54_2_h.CDF,0.779,HC,alkene,C9H18,H,2_h,2019,October,1-ethyl-4-methylcyclohexane,1.69,10.23,2,five
25.2406_191101_64_19_c.CDF,0.372,HC,alkane,C6H12,C,19_c,2019,October,cyclohexane,1.7,10.23,19,five
47.2554_191108_60_8_h.CDF,1.648,HC,alkane,C14H30,H,8_h,2019,October,tetradecane,1.74,10.24,8,five
20.2397_191101_59_7_hxn.CDF,0.919,OVOC,oBz,C7H6O,HxN,7_hxn,2019,October,benzaldehyde,1.79,10.25,7,five
10.2386_191101_48_9_n.CDF,0.535,HC,Bz,C7H8,N,9_n,2019,August,toluene,1.85,10.27,9,five
15.2392_191101_54_2_h.CDF,0.67,HC,alkane,C9H20,H,2_h,2019,October,"2,5-dimethyl-heptane",1.88,10.27,2,five
19.2396_191101_58_6_n.CDF,0.44,OTHER,other,,N,6_n,2019,October,other,1.9,10.28,6,five
15.2392_191101_54_2_h.CDF,2.159,OVOC,oBz,C14H14O2,H,2_h,2019,October,"1,2-diphenoxyethane",1.92,10.28,2,five
10.2386_191101_48_9_n.CDF,2.36,HC,alkane,,N,9_n,2019,August,alkane,1.99,10.3,9,five
14.2391_191101_53_1_c.CDF,0.551,OVOC,ovoc,,C,1_c,2019,October,ovoc,2,10.3,1,five
47.2554_191108_60_8_h.CDF,2.25,OVOC,ovoc,,H,8_h,2019,October,ovoc,2.02,10.31,8,five
19.2396_191101_58_6_n.CDF,1.175,HC,alkane,C13H28,N,6_n,2019,October,alkane,2.02,10.31,6,five
45.2502_191104_63_12_c.CDF,0.377,HC,Bz,C6H6,C,12_c,2019,October,benzene,2.03,10.31,12,five
17.2394_191101_56_4_hxn.CDF,1.552,HC,alkane,C13H28,HxN,4_hxn,2019,October,tridecane,2.06,10.31,4,five
16.2393_191101_55_3_hxn.CDF,0.551,OVOC,ovoc,,HxN,3_hxn,2019,October,ovoc,2.07,10.32,3,five
16.2393_191101_55_3_hxn.CDF,0.567,HC,alkane,C8H16,HxN,3_hxn,2019,October,3-methylene-heptane,2.12,10.33,3,five
47.2554_191108_60_8_h.CDF,0.377,HC,Bz,C6H6,H,8_h,2019,October,benzene,2.13,10.33,8,five
14.2391_191101_53_1_c.CDF,0.567,HC,alkane,C8H16,C,1_c,2019,October,3-methylene-heptane,2.16,10.33,1,five
17.2394_191101_56_4_hxn.CDF,1.198,OVOC,aldehyde,C9H18O,HxN,4_hxn,2019,October,nonanal,2.25,10.35,4,five
47.2554_191108_60_8_h.CDF,0.919,OVOC,oBz,C7H6O,H,8_h,2019,October,benzaldehyde,2.31,10.36,8,five
15.2392_191101_54_2_h.CDF,0.551,OVOC,ovoc,,H,2_h,2019,October,ovoc,2.33,10.37,2,five
15.2392_191101_54_2_h.CDF,0.567,HC,alkane,C8H16,H,2_h,2019,October,3-methylene-heptane,2.51,10.4,2,five
25.2406_191101_64_19_c.CDF,2.25,OVOC,ovoc,,C,19_c,2019,October,ovoc,2.6,10.41,19,five
17.2394_191101_56_4_hxn.CDF,0.44,OTHER,other,,HxN,4_hxn,2019,October,other,2.67,10.43,4,five
18.2395_191101_57_5_h.CDF,0.919,OVOC,oBz,C7H6O,H,5_h,2019,October,benzaldehyde,2.71,10.43,5,five
14.2391_191101_53_1_c.CDF,1.856,ST,ST,C15H24,C,1_c,2019,October,trans-y-bisabolene,2.71,10.43,1,five
24.2404_191101_62_11_n.CDF,1.374,HC,alkane,C12H26,N,11_n,2019,October,dodecane,2.77,10.44,11,five
15.2392_191101_54_2_h.CDF,0.796,HC,alkane,C9H20,H,2_h,2019,October,nonane,3.16,10.5,2,five
17.2394_191101_56_4_hxn.CDF,1.043,OVOC,alcohol,C8H18O,HxN,4_hxn,2019,October,2-ethyl-1-hexanol,3.21,10.51,4,five
14.2391_191101_53_1_c.CDF,0.587,HC,alkane,C8H18,C,1_c,2019,October,octane,3.35,10.53,1,five
47.2554_191108_60_8_h.CDF,0.967,OTHER,nitro,C7H5N,H,8_h,2019,October,benzonitrile,3.36,10.53,8,five
23.2403_191101_61_9_n.CDF,2.36,HC,alkane,,N,9_n,2019,October,alkane,3.37,10.53,9,five
19.2396_191101_58_6_n.CDF,0.382,OVOC,furan,C5H8O,N,6_n,2019,October,2-ethylacrolein,3.43,10.53,6,five
16.2393_191101_55_3_hxn.CDF,0.587,HC,alkane,C8H18,HxN,3_hxn,2019,October,octane,3.57,10.55,3,five
19.2396_191101_58_6_n.CDF,1.043,OVOC,alcohol,C8H18O,N,6_n,2019,October,2-ethyl-1-hexanol,3.68,10.57,6,five
25.2406_191101_64_19_c.CDF,0.382,OVOC,furan,C5H8O,C,19_c,2019,October,2-ethylacrolein,3.99,10.6,19,five
15.2392_191101_54_2_h.CDF,0.587,HC,alkane,C8H18,H,2_h,2019,October,octane,4.02,10.6,2,five
18.2395_191101_57_5_h.CDF,1.043,OVOC,alcohol,C8H18O,H,5_h,2019,October,2-ethyl-1-hexanol,4.12,10.62,5,five
24.2404_191101_62_11_n.CDF,1.552,HC,alkane,C13H28,N,11_n,2019,October,tridecane,4.22,10.63,11,five
20.2397_191101_59_7_hxn.CDF,2.25,OVOC,ovoc,,HxN,7_hxn,2019,October,ovoc,4.51,10.65,7,five
14.2391_191101_53_1_c.CDF,0.796,HC,alkane,C9H20,C,1_c,2019,October,nonane,4.65,10.67,1,five
10.2386_191101_48_9_n.CDF,2.159,OVOC,oBz,C14H14O2,N,9_n,2019,August,"1,2-diphenoxyethane",4.66,10.67,9,five
17.2394_191101_56_4_hxn.CDF,2.36,HC,alkane,,HxN,4_hxn,2019,October,alkane,4.89,10.69,4,five
16.2393_191101_55_3_hxn.CDF,0.796,HC,alkane,C9H20,HxN,3_hxn,2019,October,nonane,4.97,10.7,3,five
23.2403_191101_61_9_n.CDF,2.159,OVOC,oBz,C14H14O2,N,9_n,2019,October,"1,2-diphenoxyethane",5.08,10.71,9,five
19.2396_191101_58_6_n.CDF,0.42,OVOC,aldehyde,C5H10O,N,6_n,2019,October,pentanal,5.42,10.73,6,five
18.2395_191101_57_5_h.CDF,1.986,oST,oST,C15H26O,H,5_h,2019,October,nerolidol,5.82,10.76,5,five
19.2396_191101_58_6_n.CDF,2.25,OVOC,ovoc,,N,6_n,2019,October,ovoc,7.62,10.88,6,five
19.2396_191101_58_6_n.CDF,1.388,OVOC,aldehyde,C10H20O,N,6_n,2019,October,decanal,8.63,10.94,6,five
23.2403_191101_61_9_n.CDF,1.198,OVOC,aldehyde,C9H18O,N,9_n,2019,October,nonanal,8.82,10.95,9,five
19.2396_191101_58_6_n.CDF,0.995,OVOC,aldehyde,C8H16O,N,6_n,2019,October,octanal,9.22,10.96,6,five
19.2396_191101_58_6_n.CDF,0.801,GLV,aldehyde,C7H14O,N,6_n,2019,October,heptanal,9.29,10.97,6,five
18.2395_191101_57_5_h.CDF,2.25,OVOC,ovoc,,H,5_h,2019,October,ovoc,10.3,11.01,5,five
14.2391_191101_53_1_c.CDF,0.535,HC,Bz,C7H8,C,1_c,2019,October,toluene,11.21,11.05,1,five
16.2393_191101_55_3_hxn.CDF,0.535,HC,Bz,C7H8,HxN,3_hxn,2019,October,toluene,11.75,11.07,3,five
17.2394_191101_56_4_hxn.CDF,2.25,OVOC,ovoc,,HxN,4_hxn,2019,October,ovoc,12.26,11.09,4,five
15.2392_191101_54_2_h.CDF,0.535,HC,Bz,C7H8,H,2_h,2019,October,toluene,13.58,11.13,2,five
10.2386_191101_48_9_n.CDF,2.25,OVOC,ovoc,,N,9_n,2019,August,ovoc,14.16,11.15,9,five
19.2396_191101_58_6_n.CDF,0.587,GLV,aldehyde,C6H12O,N,6_n,2019,October,hexanal,15.59,11.19,6,five
19.2396_191101_58_6_n.CDF,1.198,OVOC,aldehyde,C9H18O,N,6_n,2019,October,nonanal,17.62,11.25,6,five
24.2404_191101_62_11_n.CDF,1.986,oST,oST,C15H26O,N,11_n,2019,October,nerolidol,17.65,11.25,11,five
20.2397_191101_59_7_hxn.CDF,1.856,ST,ST,C15H24,HxN,7_hxn,2019,October,trans-y-bisabolene,19.23,11.28,7,five
24.2404_191101_62_11_n.CDF,2.25,OVOC,ovoc,,N,11_n,2019,October,ovoc,20.82,11.32,11,five
18.2395_191101_57_5_h.CDF,1.856,ST,ST,C15H24,H,5_h,2019,October,trans-y-bisabolene,24.76,11.39,5,five
15.2392_191101_54_2_h.CDF,1.856,ST,ST,C15H24,H,2_h,2019,October,trans-y-bisabolene,40.73,11.61,2,five
16.2393_191101_55_3_hxn.CDF,1.856,ST,ST,C15H24,HxN,3_hxn,2019,October,trans-y-bisabolene,52.09,11.72,3,five
19.2396_191101_58_6_n.CDF,0.765,OVOC,ketone,C7H14O,N,6_n,2019,October,2-heptanone,0.78,9.89,6,five
18.2395_191101_57_5_h.CDF,1.374,HC,alkane,C12H26,H,5_h,2019,October,dodecane,0.79,9.9,5,five
19.2396_191101_58_6_n.CDF,0.404,OVOC,ketone,C5H10O,N,6_n,2019,October,2-pentanone,0.8,9.9,6,five
15.2392_191101_54_2_h.CDF,1.266,OVOC,oBz,C7H6O2,H,2_h,2019,October,benzoic acid,0.81,9.91,2,five
16.2393_191101_55_3_hxn.CDF,0.708,HC,alkene,C9H18,HxN,3_hxn,2019,October,"1,2,4-trimethyl-cyclohexane",0.81,9.91,3,five
47.2554_191108_60_8_h.CDF,1.186,HC,alkane,C11H24,H,8_h,2019,October,undecane,0.83,9.92,8,five
17.2394_191101_56_4_hxn.CDF,0.471,HC,alkene,C8H16,HxN,4_hxn,2019,October,"3,4,4-trimethyl-2-pentene",0.83,9.92,4,five
17.2394_191101_56_4_hxn.CDF,0.372,HC,alkane,C6H12,HxN,4_hxn,2019,October,cyclohexane,0.84,9.92,4,five
14.2391_191101_53_1_c.CDF,0.728,HC,alkane,C9H20,C,1_c,2019,October,2-methyl-octane,0.85,9.93,1,five
15.2392_191101_54_2_h.CDF,0.63,HC,alkane,C9H20,H,2_h,2019,October,"2,4-dimethyl-heptane",0.85,9.93,2,five
16.2393_191101_55_3_hxn.CDF,1.604,OVOC,oBz,C8H6O4,HxN,3_hxn,2019,October,"1,2-benzenedicarboxylic acid",0.85,9.93,3,five
16.2393_191101_55_3_hxn.CDF,0.845,OTHER,other,,HxN,3_hxn,2019,October,other,0.86,9.94,3,five
15.2392_191101_54_2_h.CDF,0.536,HC,alkane,C8H18,H,2_h,2019,October,2-methyl-heptane,0.86,9.94,2,five
24.2404_191101_62_11_n.CDF,0.919,OVOC,oBz,C7H6O,N,11_n,2019,October,benzaldehyde,0.88,9.95,11,five
14.2391_191101_53_1_c.CDF,0.845,OTHER,other,,C,1_c,2019,October,other,0.9,9.95,1,five
14.2391_191101_53_1_c.CDF,0.657,HC,alkane,,C,1_c,2019,October,alkane,0.9,9.95,1,five
16.2393_191101_55_3_hxn.CDF,0.9,MT,MT,C10H16,HxN,3_hxn,2019,October,camphene,0.9,9.95,3,five
19.2396_191101_58_6_n.CDF,0.283,HC,alkane,C5H10,N,6_n,2019,October,alkane,0.9,9.95,6,five
16.2393_191101_55_3_hxn.CDF,0.728,HC,alkane,C9H20,HxN,3_hxn,2019,October,2-methyl-octane,0.9,9.96,3,five
14.2391_191101_53_1_c.CDF,2.159,OVOC,oBz,C14H14O2,C,1_c,2019,October,"1,2-diphenoxyethane",0.9,9.96,1,five
15.2392_191101_54_2_h.CDF,0.726,HC,alkane,C9H20,H,2_h,2019,October,4-methyl-octane,0.92,9.96,2,five
16.2393_191101_55_3_hxn.CDF,0.657,HC,alkane,,HxN,3_hxn,2019,October,alkane,0.93,9.97,3,five
15.2392_191101_54_2_h.CDF,0.708,HC,alkene,C9H18,H,2_h,2019,October,"1,2,4-trimethyl-cyclohexane",0.95,9.98,2,five
15.2392_191101_54_2_h.CDF,0.728,HC,alkane,C9H20,H,2_h,2019,October,2-methyl-octane,0.96,9.98,2,five
19.2396_191101_58_6_n.CDF,0.421,HC,alkane,C7H16,N,6_n,2019,October,heptane,0.97,9.99,6,five
45.2502_191104_63_12_c.CDF,0.801,GLV,aldehyde,C7H14O,C,12_c,2019,October,heptanal,0.99,10,12,five
16.2393_191101_55_3_hxn.CDF,0.919,OVOC,oBz,C7H6O,HxN,3_hxn,2019,October,benzaldehyde,0.99,10,3,five
17.2394_191101_56_4_hxn.CDF,1.374,HC,alkane,C12H26,HxN,4_hxn,2019,October,dodecane,1.01,10,4,five
23.2403_191101_61_9_n.CDF,0.44,OTHER,other,,N,9_n,2019,October,other,1.01,10,9,five
19.2396_191101_58_6_n.CDF,0.696,GLV,alcohol,C6H12O,N,6_n,2019,October,cis-3-hexen-1-ol,1.01,10.01,6,five
18.2395_191101_57_5_h.CDF,0.967,OTHER,nitro,C7H5N,H,5_h,2019,October,benzonitrile,1.06,10.02,5,five
15.2392_191101_54_2_h.CDF,0.657,HC,alkane,,H,2_h,2019,October,alkane,1.06,10.02,2,five
25.2406_191101_64_19_c.CDF,1.374,HC,alkane,C12H26,C,19_c,2019,October,dodecane,1.06,10.03,19,five
14.2391_191101_53_1_c.CDF,0.879,HC,alkane,C10H22,C,1_c,2019,October,3-ethyl-2-methyl-heptane,1.07,10.03,1,five
14.2391_191101_53_1_c.CDF,0.68,HC,alkene,C9H18,C,1_c,2019,October,"1,1,3-trimethyl-cyclohexane",1.07,10.03,1,five
16.2393_191101_55_3_hxn.CDF,0.68,HC,alkene,C9H18,HxN,3_hxn,2019,October,"1,1,3-trimethyl-cyclohexane",1.08,10.03,3,five
19.2396_191101_58_6_n.CDF,0.905,OVOC,ovoc,,N,6_n,2019,October,ovoc,1.08,10.03,6,five
19.2396_191101_58_6_n.CDF,0.305,OVOC,ketone,C4H6O,N,6_n,2019,October,2-butanone,1.08,10.03,6,five
20.2397_191101_59_7_hxn.CDF,0.372,HC,alkane,C6H12,HxN,7_hxn,2019,October,cyclohexane,1.1,10.04,7,five
19.2396_191101_58_6_n.CDF,0.372,HC,alkane,C6H12,N,6_n,2019,October,cyclohexane,1.1,10.04,6,five
19.2396_191101_58_6_n.CDF,0.377,HC,Bz,C6H6,N,6_n,2019,October,benzene,1.12,10.05,6,five
20.2397_191101_59_7_hxn.CDF,1.986,oST,oST,C15H26O,HxN,7_hxn,2019,October,nerolidol,1.14,10.06,7,five
16.2393_191101_55_3_hxn.CDF,0.879,HC,alkane,C10H22,HxN,3_hxn,2019,October,3-ethyl-2-methyl-heptane,1.14,10.06,3,five
25.2406_191101_64_19_c.CDF,1.552,HC,alkane,C13H28,C,19_c,2019,October,tridecane,1.14,10.06,19,five
16.2393_191101_55_3_hxn.CDF,1.266,OVOC,oBz,C7H6O2,HxN,3_hxn,2019,October,benzoic acid,1.14,10.06,3,five
25.2406_191101_64_19_c.CDF,1.186,HC,alkane,C11H24,C,19_c,2019,October,undecane,1.18,10.07,19,five
19.2396_191101_58_6_n.CDF,1.374,HC,alkane,C12H26,N,6_n,2019,October,dodecane,1.24,10.09,6,five
15.2392_191101_54_2_h.CDF,0.68,HC,alkene,C9H18,H,2_h,2019,October,"1,1,3-trimethyl-cyclohexane",1.26,10.1,2,five
15.2392_191101_54_2_h.CDF,0.863,OTHER,other,,H,2_h,2019,October,other,1.26,10.1,2,five
14.2391_191101_53_1_c.CDF,0.773,HC,alkane,,C,1_c,2019,October,alkane,1.27,10.1,1,five
16.2393_191101_55_3_hxn.CDF,0.773,HC,alkane,,HxN,3_hxn,2019,October,alkane,1.29,10.11,3,five
47.2554_191108_60_8_h.CDF,1.552,HC,alkane,C13H28,H,8_h,2019,October,tridecane,1.31,10.12,8,five
45.2502_191104_63_12_c.CDF,1.648,HC,alkane,C14H30,C,12_c,2019,October,tetradecane,1.31,10.12,12,five
19.2396_191101_58_6_n.CDF,0.691,GLV,aldehyde,C6H10O,N,6_n,2019,October,trans-2-hexen-1-al,1.33,10.12,6,five
16.2393_191101_55_3_hxn.CDF,2.159,OVOC,oBz,C14H14O2,HxN,3_hxn,2019,October,"1,2-diphenoxyethane",1.34,10.13,3,five
45.2502_191104_63_12_c.CDF,0.732,HC,Bz,C8H10,C,12_c,2019,October,p-xylene,1.36,10.13,12,five
45.2502_191104_63_12_c.CDF,0.587,GLV,aldehyde,C6H12O,C,12_c,2019,October,hexanal,1.39,10.14,12,five
16.2393_191101_55_3_hxn.CDF,0.863,OTHER,other,,HxN,3_hxn,2019,October,other,1.4,10.15,3,five
47.2554_191108_60_8_h.CDF,1.374,HC,alkane,C12H26,H,8_h,2019,October,dodecane,1.42,10.15,8,five
16.2393_191101_55_3_hxn.CDF,0.779,HC,alkene,C9H18,HxN,3_hxn,2019,October,1-ethyl-4-methylcyclohexane,1.43,10.15,3,five
47.2554_191108_60_8_h.CDF,0.439,OVOC,ester,C5H8O2,H,8_h,2019,October,methyl methacrylate,1.43,10.16,8,five
14.2391_191101_53_1_c.CDF,0.779,HC,alkene,C9H18,C,1_c,2019,October,1-ethyl-4-methylcyclohexane,1.44,10.16,1,five
19.2396_191101_58_6_n.CDF,2.36,HC,alkane,,N,6_n,2019,October,alkane,1.44,10.16,6,five
19.2396_191101_58_6_n.CDF,0.919,OVOC,oBz,C7H6O,N,6_n,2019,October,benzaldehyde,1.46,10.16,6,five
15.2392_191101_54_2_h.CDF,0.773,HC,alkane,,H,2_h,2019,October,alkane,1.46,10.17,2,five
19.2396_191101_58_6_n.CDF,1.139,OVOC,oBz,C8H8O,N,6_n,2019,October,4-methyl-benzaldehyde,1.47,10.17,6,five
19.2396_191101_58_6_n.CDF,1.552,HC,alkane,C13H28,N,6_n,2019,October,tridecane,1.48,10.17,6,five
16.2393_191101_55_3_hxn.CDF,0.726,HC,alkane,C9H20,HxN,3_hxn,2019,October,4-methyl-octane,1.48,10.17,3,five
14.2391_191101_53_1_c.CDF,0.863,OTHER,other,,C,1_c,2019,October,other,1.52,10.18,1,five
17.2394_191101_56_4_hxn.CDF,2.159,OVOC,oBz,C14H14O2,HxN,4_hxn,2019,October,"1,2-diphenoxyethane",1.53,10.18,4,five
45.2502_191104_63_12_c.CDF,0.382,OVOC,furan,C5H8O,C,12_c,2019,October,2-ethylacrolein,1.53,10.19,12,five
19.2396_191101_58_6_n.CDF,0.297,OVOC,ketone,C4H6O,N,6_n,2019,October,methyl vinyl ketone,1.54,10.19,6,five
16.2393_191101_55_3_hxn.CDF,0.63,HC,alkane,C9H20,HxN,3_hxn,2019,October,"2,4-dimethyl-heptane",1.55,10.19,3,five
47.2554_191108_60_8_h.CDF,0.732,HC,Bz,C8H10,H,8_h,2019,October,p-xylene,1.56,10.19,8,five
14.2391_191101_53_1_c.CDF,0.67,HC,alkane,C9H20,C,1_c,2019,October,"2,5-dimethyl-heptane",1.59,10.2,1,five
19.2396_191101_58_6_n.CDF,1.186,HC,alkane,C11H24,N,6_n,2019,October,undecane,1.61,10.21,6,five
16.2393_191101_55_3_hxn.CDF,0.67,HC,alkane,C9H20,HxN,3_hxn,2019,October,"2,5-dimethyl-heptane",1.61,10.21,3,five
47.2554_191108_60_8_h.CDF,0.535,HC,Bz,C7H8,H,8_h,2019,October,toluene,1.63,10.21,8,five
24.2404_191101_62_11_n.CDF,1.186,HC,alkane,C11H24,N,11_n,2019,October,undecane,1.64,10.21,11,five
45.2502_191104_63_12_c.CDF,0.439,OVOC,ester,C5H8O2,C,12_c,2019,October,methyl methacrylate,1.66,10.22,12,five
15.2392_191101_54_2_h.CDF,0.779,HC,alkene,C9H18,H,2_h,2019,October,1-ethyl-4-methylcyclohexane,1.69,10.23,2,five
25.2406_191101_64_19_c.CDF,0.372,HC,alkane,C6H12,C,19_c,2019,October,cyclohexane,1.7,10.23,19,five
47.2554_191108_60_8_h.CDF,1.648,HC,alkane,C14H30,H,8_h,2019,October,tetradecane,1.74,10.24,8,five
20.2397_191101_59_7_hxn.CDF,0.919,OVOC,oBz,C7H6O,HxN,7_hxn,2019,October,benzaldehyde,1.79,10.25,7,five
15.2392_191101_54_2_h.CDF,0.67,HC,alkane,C9H20,H,2_h,2019,October,"2,5-dimethyl-heptane",1.88,10.27,2,five
19.2396_191101_58_6_n.CDF,0.44,OTHER,other,,N,6_n,2019,October,other,1.9,10.28,6,five
15.2392_191101_54_2_h.CDF,2.159,OVOC,oBz,C14H14O2,H,2_h,2019,October,"1,2-diphenoxyethane",1.92,10.28,2,five
14.2391_191101_53_1_c.CDF,0.551,OVOC,ovoc,,C,1_c,2019,October,ovoc,2,10.3,1,five
47.2554_191108_60_8_h.CDF,2.25,OVOC,ovoc,,H,8_h,2019,October,ovoc,2.02,10.31,8,five
19.2396_191101_58_6_n.CDF,1.175,HC,alkane,C13H28,N,6_n,2019,October,alkane,2.02,10.31,6,five
45.2502_191104_63_12_c.CDF,0.377,HC,Bz,C6H6,C,12_c,2019,October,benzene,2.03,10.31,12,five
17.2394_191101_56_4_hxn.CDF,1.552,HC,alkane,C13H28,HxN,4_hxn,2019,October,tridecane,2.06,10.31,4,five
16.2393_191101_55_3_hxn.CDF,0.551,OVOC,ovoc,,HxN,3_hxn,2019,October,ovoc,2.07,10.32,3,five
16.2393_191101_55_3_hxn.CDF,0.567,HC,alkane,C8H16,HxN,3_hxn,2019,October,3-methylene-heptane,2.12,10.33,3,five
47.2554_191108_60_8_h.CDF,0.377,HC,Bz,C6H6,H,8_h,2019,October,benzene,2.13,10.33,8,five
14.2391_191101_53_1_c.CDF,0.567,HC,alkane,C8H16,C,1_c,2019,October,3-methylene-heptane,2.16,10.33,1,five
17.2394_191101_56_4_hxn.CDF,1.198,OVOC,aldehyde,C9H18O,HxN,4_hxn,2019,October,nonanal,2.25,10.35,4,five
47.2554_191108_60_8_h.CDF,0.919,OVOC,oBz,C7H6O,H,8_h,2019,October,benzaldehyde,2.31,10.36,8,five
15.2392_191101_54_2_h.CDF,0.551,OVOC,ovoc,,H,2_h,2019,October,ovoc,2.33,10.37,2,five
15.2392_191101_54_2_h.CDF,0.567,HC,alkane,C8H16,H,2_h,2019,October,3-methylene-heptane,2.51,10.4,2,five
25.2406_191101_64_19_c.CDF,2.25,OVOC,ovoc,,C,19_c,2019,October,ovoc,2.6,10.41,19,five
17.2394_191101_56_4_hxn.CDF,0.44,OTHER,other,,HxN,4_hxn,2019,October,other,2.67,10.43,4,five
18.2395_191101_57_5_h.CDF,0.919,OVOC,oBz,C7H6O,H,5_h,2019,October,benzaldehyde,2.71,10.43,5,five
14.2391_191101_53_1_c.CDF,1.856,ST,ST,C15H24,C,1_c,2019,October,trans-y-bisabolene,2.71,10.43,1,five
24.2404_191101_62_11_n.CDF,1.374,HC,alkane,C12H26,N,11_n,2019,October,dodecane,2.77,10.44,11,five
15.2392_191101_54_2_h.CDF,0.796,HC,alkane,C9H20,H,2_h,2019,October,nonane,3.16,10.5,2,five
17.2394_191101_56_4_hxn.CDF,1.043,OVOC,alcohol,C8H18O,HxN,4_hxn,2019,October,2-ethyl-1-hexanol,3.21,10.51,4,five
14.2391_191101_53_1_c.CDF,0.587,HC,alkane,C8H18,C,1_c,2019,October,octane,3.35,10.53,1,five
47.2554_191108_60_8_h.CDF,0.967,OTHER,nitro,C7H5N,H,8_h,2019,October,benzonitrile,3.36,10.53,8,five
23.2403_191101_61_9_n.CDF,2.36,HC,alkane,,N,9_n,2019,October,alkane,3.37,10.53,9,five
19.2396_191101_58_6_n.CDF,0.382,OVOC,furan,C5H8O,N,6_n,2019,October,2-ethylacrolein,3.43,10.53,6,five
16.2393_191101_55_3_hxn.CDF,0.587,HC,alkane,C8H18,HxN,3_hxn,2019,October,octane,3.57,10.55,3,five
19.2396_191101_58_6_n.CDF,1.043,OVOC,alcohol,C8H18O,N,6_n,2019,October,2-ethyl-1-hexanol,3.68,10.57,6,five
25.2406_191101_64_19_c.CDF,0.382,OVOC,furan,C5H8O,C,19_c,2019,October,2-ethylacrolein,3.99,10.6,19,five
15.2392_191101_54_2_h.CDF,0.587,HC,alkane,C8H18,H,2_h,2019,October,octane,4.02,10.6,2,five
18.2395_191101_57_5_h.CDF,1.043,OVOC,alcohol,C8H18O,H,5_h,2019,October,2-ethyl-1-hexanol,4.12,10.62,5,five
24.2404_191101_62_11_n.CDF,1.552,HC,alkane,C13H28,N,11_n,2019,October,tridecane,4.22,10.63,11,five
20.2397_191101_59_7_hxn.CDF,2.25,OVOC,ovoc,,HxN,7_hxn,2019,October,ovoc,4.51,10.65,7,five
14.2391_191101_53_1_c.CDF,0.796,HC,alkane,C9H20,C,1_c,2019,October,nonane,4.65,10.67,1,five
17.2394_191101_56_4_hxn.CDF,2.36,HC,alkane,,HxN,4_hxn,2019,October,alkane,4.89,10.69,4,five
16.2393_191101_55_3_hxn.CDF,0.796,HC,alkane,C9H20,HxN,3_hxn,2019,October,nonane,4.97,10.7,3,five
23.2403_191101_61_9_n.CDF,2.159,OVOC,oBz,C14H14O2,N,9_n,2019,October,"1,2-diphenoxyethane",5.08,10.71,9,five
19.2396_191101_58_6_n.CDF,0.42,OVOC,aldehyde,C5H10O,N,6_n,2019,October,pentanal,5.42,10.73,6,five
18.2395_191101_57_5_h.CDF,1.986,oST,oST,C15H26O,H,5_h,2019,October,nerolidol,5.82,10.76,5,five
19.2396_191101_58_6_n.CDF,2.25,OVOC,ovoc,,N,6_n,2019,October,ovoc,7.62,10.88,6,five
19.2396_191101_58_6_n.CDF,1.388,OVOC,aldehyde,C10H20O,N,6_n,2019,October,decanal,8.63,10.94,6,five
23.2403_191101_61_9_n.CDF,1.198,OVOC,aldehyde,C9H18O,N,9_n,2019,October,nonanal,8.82,10.95,9,five
19.2396_191101_58_6_n.CDF,0.995,OVOC,aldehyde,C8H16O,N,6_n,2019,October,octanal,9.22,10.96,6,five
19.2396_191101_58_6_n.CDF,0.801,GLV,aldehyde,C7H14O,N,6_n,2019,October,heptanal,9.29,10.97,6,five
18.2395_191101_57_5_h.CDF,2.25,OVOC,ovoc,,H,5_h,2019,October,ovoc,10.3,11.01,5,five
14.2391_191101_53_1_c.CDF,0.535,HC,Bz,C7H8,C,1_c,2019,October,toluene,11.21,11.05,1,five
16.2393_191101_55_3_hxn.CDF,0.535,HC,Bz,C7H8,HxN,3_hxn,2019,October,toluene,11.75,11.07,3,five
17.2394_191101_56_4_hxn.CDF,2.25,OVOC,ovoc,,HxN,4_hxn,2019,October,ovoc,12.26,11.09,4,five
15.2392_191101_54_2_h.CDF,0.535,HC,Bz,C7H8,H,2_h,2019,October,toluene,13.58,11.13,2,five
19.2396_191101_58_6_n.CDF,0.587,GLV,aldehyde,C6H12O,N,6_n,2019,October,hexanal,15.59,11.19,6,five
19.2396_191101_58_6_n.CDF,1.198,OVOC,aldehyde,C9H18O,N,6_n,2019,October,nonanal,17.62,11.25,6,five
24.2404_191101_62_11_n.CDF,1.986,oST,oST,C15H26O,N,11_n,2019,October,nerolidol,17.65,11.25,11,five
20.2397_191101_59_7_hxn.CDF,1.856,ST,ST,C15H24,HxN,7_hxn,2019,October,trans-y-bisabolene,19.23,11.28,7,five
24.2404_191101_62_11_n.CDF,2.25,OVOC,ovoc,,N,11_n,2019,October,ovoc,20.82,11.32,11,five
18.2395_191101_57_5_h.CDF,1.856,ST,ST,C15H24,H,5_h,2019,October,trans-y-bisabolene,24.76,11.39,5,five
15.2392_191101_54_2_h.CDF,1.856,ST,ST,C15H24,H,2_h,2019,October,trans-y-bisabolene,40.73,11.61,2,five
16.2393_191101_55_3_hxn.CDF,1.856,ST,ST,C15H24,HxN,3_hxn,2019,October,trans-y-bisabolene,52.09,11.72,3,five
